fname,labels,usage,Bicycle_bell,Bus,Motorcycle,Race_car_and_auto_racing,Skateboard,y_pred
02e17633.wav,Skateboard,Public,0.06430239230394363,0.24657094478607178,0.3098321259021759,0.0541810505092144,0.3251132071018219,Skateboard
3012731a.wav,Skateboard,Public,0.026730986312031746,0.05113830789923668,0.13407282531261444,0.12251140922307968,0.6655465960502625,Skateboard
fcb3fbf0.wav,Skateboard,Private,0.1647208333015442,0.0718628466129303,0.15971626341342926,0.20144209265708923,0.4022577702999115,Skateboard
fe0ede6a.wav,Skateboard,Private,0.1570587009191513,0.14675511419773102,0.06561385095119476,0.06155357509851456,0.5690187215805054,Skateboard
0012633b.wav,Motorcycle,Public,0.07827408611774445,0.20519044995307922,0.6721659898757935,0.026790887117385864,0.01757827028632164,Motorcycle
06feb5cf.wav,Motorcycle,Public,0.028699560090899467,0.06475508958101273,0.46897801756858826,0.37687525153160095,0.06069186329841614,Motorcycle
54ad06a7.wav,Motorcycle,Private,0.060742735862731934,0.09552858024835587,0.7299346327781677,0.011114857159554958,0.10267913341522217,Motorcycle
66c6e525.wav,Motorcycle,Private,0.0009903324535116553,0.028441136702895164,0.9493243098258972,0.007816360332071781,0.013428130187094212,Motorcycle
8b527810.wav,Bicycle_bell,Private,0.3359930217266083,0.5088131427764893,0.13697829842567444,0.00026206354959867895,0.01795351132750511,Bus
7f1fd05e.wav,Bicycle_bell,Private,0.9999911189079285,1.8414305031910772e-06,2.5137965167232323e-06,1.5830982358355783e-12,4.506523964664666e-06,Bicycle_bell
2da4c729.wav,Bus,Public,0.0015653589507564902,0.09984409809112549,0.8899210095405579,0.002760629402473569,0.005908857565373182,Motorcycle
f50eb8c1.wav,Motorcycle,Private,0.0011721744667738676,0.2624472677707672,0.7090620994567871,0.013076846487820148,0.014241663739085197,Motorcycle
a21ff583.wav,Bicycle_bell,Private,0.2963617146015167,0.41179990768432617,0.15320776402950287,0.0017541279084980488,0.13687659800052643,Bus
65ae4246.wav,Bus,Private,0.00782204419374466,0.31071361899375916,0.36445724964141846,0.2685370445251465,0.04847016558051109,Motorcycle
6b3944c8.wav,Skateboard,Private,0.18024590611457825,0.03543907031416893,0.04636408016085625,0.009660194627940655,0.7282909154891968,Skateboard
528e2536.wav,Bus,Private,0.01611247844994068,0.3805629014968872,0.5879356265068054,0.004147171042859554,0.011241603642702103,Motorcycle
f1e007bb.wav,Skateboard,Private,0.25404492020606995,0.06357479095458984,0.27972593903541565,0.027255674824118614,0.37539857625961304,Skateboard
72e5185a.wav,Bus,Private,0.17295518517494202,0.01369277574121952,0.03203866258263588,0.7464872598648071,0.034826308488845825,Race_car_and_auto_racing
a473e781.wav,Bus,Private,0.12802712619304657,0.09854397177696228,0.05656386539340019,0.13859274983406067,0.5782724022865295,Skateboard
1b68d94a.wav,Skateboard,Public,0.05756630748510361,0.32952702045440674,0.15983153879642487,0.0418953076004982,0.4111798107624054,Skateboard
d2831e4d.wav,Skateboard,Private,0.061955031007528305,0.13997912406921387,0.13871176540851593,0.07970330119132996,0.5796508193016052,Skateboard
912d3f61.wav,Bicycle_bell,Private,0.688217043876648,0.009050321765244007,0.054447513073682785,0.03794953227043152,0.2103358656167984,Bicycle_bell
e7536bf6.wav,Skateboard,Private,0.013203535228967667,0.30493688583374023,0.3481499254703522,0.12930579483509064,0.20440389215946198,Motorcycle
9c3b7cd0.wav,Bicycle_bell,Private,0.9883970022201538,0.011032252572476864,0.0005160806467756629,1.4311738461003642e-09,5.467894516186789e-05,Bicycle_bell
696ff318.wav,Bicycle_bell,Private,0.993728756904602,0.006151811685413122,8.551120845368132e-05,7.698159887326028e-10,3.3894917578436434e-05,Bicycle_bell
12d8c07f.wav,Motorcycle,Public,0.002135194605216384,0.08320482075214386,0.7865530848503113,0.10925101488828659,0.018855642527341843,Motorcycle
cc60db53.wav,Skateboard,Private,0.1628883183002472,0.0222405344247818,0.5340151786804199,0.06489527225494385,0.21596075594425201,Motorcycle
2406d1de.wav,Motorcycle,Public,0.0009941475000232458,0.01873883605003357,0.9394909739494324,0.031784649938344955,0.008991334587335587,Motorcycle
822c88ed.wav,Motorcycle,Private,0.003515386488288641,0.015192670747637749,0.9156996607780457,0.04428496211767197,0.02130727656185627,Motorcycle
a7dbdcb1.wav,Motorcycle,Private,0.0011156352702528238,0.02394559234380722,0.9293177723884583,0.03402125462889671,0.011599993333220482,Motorcycle
d25d730c.wav,Motorcycle,Private,0.0020612601656466722,0.019752904772758484,0.9565410017967224,0.01570967398583889,0.005935061722993851,Motorcycle
a77c8170.wav,Bus,Private,0.0013139081420376897,0.29495862126350403,0.6084755659103394,0.08464580029249191,0.010606043972074986,Motorcycle
fef855a5.wav,Bicycle_bell,Private,0.9987996816635132,6.451723947975552e-06,0.0011467903386801481,4.524057864441211e-11,4.7172128688544035e-05,Bicycle_bell
77bc7b9f.wav,Bicycle_bell,Private,0.9898694157600403,0.005492727272212505,0.0033478918485343456,5.101829514408962e-10,0.0012900173896923661,Bicycle_bell
65402b46.wav,Bicycle_bell,Private,0.957346498966217,0.006073997355997562,0.026193693280220032,1.3057803698757198e-05,0.010372736491262913,Bicycle_bell
08f36895.wav,Skateboard,Public,0.009205869399011135,0.1585462987422943,0.44095486402511597,0.028858553618192673,0.36243438720703125,Motorcycle
336a88c3.wav,Bicycle_bell,Public,0.9493321180343628,0.04946570843458176,0.00047269411152228713,1.4794101055315423e-08,0.0007294592214748263,Bicycle_bell
85b2e795.wav,Skateboard,Private,0.009287768043577671,0.14369556307792664,0.3889838755130768,0.14651906490325928,0.311513751745224,Motorcycle
183948d1.wav,Skateboard,Public,0.010146086104214191,0.07388918846845627,0.2916744649410248,0.14139147102832794,0.48289892077445984,Skateboard
8608fa3f.wav,Skateboard,Private,0.0513763464987278,0.058841872960329056,0.39886096119880676,0.0800299346446991,0.4108908474445343,Skateboard
a43c1760.wav,Skateboard,Private,0.01916423626244068,0.08656822144985199,0.5501973032951355,0.021735066547989845,0.32233521342277527,Motorcycle
976daee9.wav,Bicycle_bell,Private,0.8883149027824402,0.1115596666932106,0.00012518352014012635,2.226606810040721e-08,2.2268621080456796e-07,Bicycle_bell
be3436c4.wav,Bicycle_bell,Private,0.9909114241600037,1.6572241293033585e-05,0.007745400536805391,3.0858984700898873e-07,0.0013263133587315679,Bicycle_bell
8fb2b69f.wav,Motorcycle,Private,0.027067197486758232,0.03943482041358948,0.9015188813209534,0.0014557383256033063,0.03052322380244732,Motorcycle
5d8d406f.wav,Motorcycle,Private,0.018937645480036736,0.03503704071044922,0.5313295125961304,0.3693343997001648,0.04536135122179985,Motorcycle
c406e74b.wav,Motorcycle,Private,0.00734212901443243,0.023091590031981468,0.3819657266139984,0.5587579607963562,0.028842410072684288,Race_car_and_auto_racing
a565013d.wav,Bus,Private,0.0033285715617239475,0.5528159141540527,0.40019044280052185,0.012651876546442509,0.031013216823339462,Bus
32b66826.wav,Skateboard,Public,0.004408693872392178,0.03559161722660065,0.05853031575679779,0.06451043486595154,0.8369588851928711,Skateboard
1f85a5c7.wav,Skateboard,Public,0.003608355298638344,0.01816866174340248,0.03153932839632034,0.057354774326086044,0.8893289566040039,Skateboard
e1be856c.wav,Skateboard,Private,0.015314316377043724,0.034254688769578934,0.05447416380047798,0.04365801811218262,0.8522987961769104,Skateboard
f008118d.wav,Bicycle_bell,Private,0.9697095155715942,0.0010458807228133082,0.0036872040946036577,7.683387957513332e-05,0.02548060193657875,Bicycle_bell
86360509.wav,Bicycle_bell,Private,0.8815763592720032,0.11128931492567062,0.004766856785863638,1.2784973932866706e-06,0.002366124652326107,Bicycle_bell
8889300b.wav,Bicycle_bell,Private,0.646858274936676,0.3515731394290924,0.001069872290827334,8.336687784549213e-08,0.0004986843559890985,Bicycle_bell
a29196ac.wav,Race_car_and_auto_racing,Private,0.011048323474824429,0.023766422644257545,0.4787345230579376,0.4763603210449219,0.01009035762399435,Motorcycle
f1891294.wav,Bus,Private,0.0005410148878581822,0.6647797226905823,0.301952064037323,0.03059900552034378,0.0021280976943671703,Bus
7188e204.wav,Skateboard,Private,4.701140278484672e-05,0.0006034072721377015,0.0033429069444537163,0.004422236233949661,0.9915843605995178,Skateboard
c33b5745.wav,Bus,Private,0.00333805987611413,0.25940805673599243,0.6647932529449463,0.0457715280354023,0.026689132675528526,Motorcycle
1bfd4be2.wav,Skateboard,Public,0.013204235583543777,0.07010379433631897,0.17441923916339874,0.007502677384763956,0.7347700595855713,Skateboard
970cbdce.wav,Bicycle_bell,Private,0.3072282671928406,0.05327126756310463,0.20940779149532318,0.00997445173561573,0.42011818289756775,Skateboard
bf00b0ab.wav,Bicycle_bell,Private,0.9245688319206238,0.06270860880613327,0.009951459243893623,5.112659437145339e-06,0.002766009885817766,Bicycle_bell
dc2ce57a.wav,Bicycle_bell,Private,0.909144937992096,0.07332223653793335,0.011129586026072502,3.312390253995545e-05,0.00637024873867631,Bicycle_bell
c8d8778f.wav,Skateboard,Private,0.4544393718242645,0.08802821487188339,0.21267451345920563,0.07539838552474976,0.1694595068693161,Bicycle_bell
020b1fdf.wav,Bus,Public,0.03449350595474243,0.2808506190776825,0.4124288856983185,0.1350211650133133,0.13720601797103882,Motorcycle
154696fd.wav,Motorcycle,Public,0.000321652099955827,0.5065019726753235,0.4859403371810913,0.004942606668919325,0.002293464494869113,Bus
5c303ca0.wav,Race_car_and_auto_racing,Private,0.052070945501327515,0.4796009957790375,0.388874351978302,0.01760276034474373,0.06185096129775047,Bus
3ebaff6d.wav,Race_car_and_auto_racing,Public,0.05029437690973282,0.5531468987464905,0.3631119132041931,0.016921455040574074,0.01652527041733265,Bus
4803c157.wav,Bus,Private,0.002107309177517891,0.7168878316879272,0.23223337531089783,0.02432030253112316,0.02445119619369507,Bus
6cf1f117.wav,Bus,Private,0.03843505680561066,0.15476474165916443,0.12245691567659378,0.05753536522388458,0.6268080472946167,Skateboard
80d7f260.wav,Bus,Private,0.0005597475101239979,0.6831205487251282,0.18287360668182373,0.1284341812133789,0.0050117201171815395,Bus
0d9caeeb.wav,Bus,Public,0.09849797934293747,0.47226351499557495,0.2688022553920746,0.07442007958889008,0.0860162302851677,Bus
d3a6d1f4.wav,Bus,Private,0.020005831494927406,0.04518921673297882,0.18087400496006012,0.307658314704895,0.44627273082733154,Skateboard
83dc5494.wav,Skateboard,Private,0.003378172405064106,0.45630744099617004,0.2757437229156494,0.24206891655921936,0.02250182069838047,Bus
4738f810.wav,Skateboard,Private,0.029559573158621788,0.0451057031750679,0.1026376262307167,0.17508170008659363,0.6476154327392578,Skateboard
f0adc8e2.wav,Skateboard,Private,0.0332033596932888,0.043042805045843124,0.13913863897323608,0.23857250809669495,0.5460426211357117,Skateboard
54249af8.wav,Bus,Private,0.006543789524585009,0.7592648863792419,0.15806810557842255,0.07436244189739227,0.0017609334317967296,Bus
9ce0562b.wav,Bus,Private,0.06408355385065079,0.6924868822097778,0.17993828654289246,0.045625727623701096,0.01786552183330059,Bus
320b9457.wav,Bus,Public,0.01821794919669628,0.5189172029495239,0.34745916724205017,0.07102666795253754,0.044379107654094696,Bus
90f00af9.wav,Race_car_and_auto_racing,Private,0.002337580779567361,0.0339917428791523,0.37922078371047974,0.4136427044868469,0.17080703377723694,Race_car_and_auto_racing
a7df97d5.wav,Bus,Private,0.016082506626844406,0.3875812590122223,0.33759891986846924,0.15103787183761597,0.10769940167665482,Bus
a44a6611.wav,Bus,Private,2.9962806365801953e-05,0.8123201131820679,0.17858627438545227,0.008812845684587955,0.00025079044280573726,Bus
17135192.wav,Bicycle_bell,Public,0.9853568077087402,0.0025763115845620632,0.0036040141712874174,0.0008543807198293507,0.007608530577272177,Bicycle_bell
7f3d35c9.wav,Bicycle_bell,Private,0.9790111780166626,0.013426251709461212,0.0038150956388562918,1.6303717984555988e-06,0.0037458576261997223,Bicycle_bell
33ef8393.wav,Bicycle_bell,Public,0.8652006387710571,0.006741368677467108,0.020442890003323555,0.0032166128512471914,0.1043984591960907,Bicycle_bell
390789a8.wav,Skateboard,Public,0.00959781650453806,0.06012522801756859,0.3288275897502899,0.20333684980869293,0.3981124758720398,Skateboard
fac21eb4.wav,Bus,Private,0.03677155449986458,0.6341759562492371,0.21890763938426971,0.03559139370918274,0.0745534598827362,Bus
65042a29.wav,Bus,Private,0.10336441546678543,0.2445489466190338,0.4291779398918152,0.06260872632265091,0.16030006110668182,Motorcycle
1b1d1b2d.wav,Skateboard,Public,0.10187118500471115,0.07769488543272018,0.342267781496048,0.07457929849624634,0.40358680486679077,Skateboard
971ea9a3.wav,Skateboard,Private,0.01588479056954384,0.02170488052070141,0.1252232789993286,0.12117493152618408,0.716012179851532,Skateboard
fc5fe6fa.wav,Motorcycle,Private,0.005442467518150806,0.39056897163391113,0.45662152767181396,0.1341668963432312,0.013200193643569946,Motorcycle
003fde7a.wav,Bicycle_bell,Public,0.9747312068939209,0.015957718715071678,0.008387395180761814,3.711168756126426e-05,0.0008865545387379825,Bicycle_bell
166a05c0.wav,Skateboard,Public,0.00915433093905449,0.024245213717222214,0.2073805034160614,0.12461608648300171,0.6346037983894348,Skateboard
07dff283.wav,Bus,Public,0.22029410302639008,0.1644849181175232,0.3439161479473114,0.11128781735897064,0.1600169986486435,Motorcycle
4b6be642.wav,Bicycle_bell,Private,0.24441614747047424,0.494122713804245,0.24059106409549713,0.002701305551454425,0.018168706446886063,Bus
9563005f.wav,Bicycle_bell,Private,0.31430456042289734,0.6077881455421448,0.036913368850946426,0.009243285283446312,0.031750570982694626,Bus
59a5400d.wav,Bicycle_bell,Private,0.7403991222381592,0.052432119846343994,0.17213952541351318,0.003612194210290909,0.031417056918144226,Bicycle_bell
27080c56.wav,Skateboard,Public,0.009022369049489498,0.034582268446683884,0.2022908478975296,0.40539196133613586,0.3487125337123871,Race_car_and_auto_racing
5c087a2e.wav,Skateboard,Private,0.0024685768876224756,0.05352086201310158,0.12566962838172913,0.622079074382782,0.19626183807849884,Race_car_and_auto_racing
feb5eca3.wav,Skateboard,Private,0.003183080581948161,0.23491930961608887,0.21552783250808716,0.12009537220001221,0.42627450823783875,Skateboard
16e17bed.wav,Bus,Public,0.03397851064801216,0.2870292663574219,0.1474923938512802,0.1768287867307663,0.3546709716320038,Skateboard
92a6c6e8.wav,Motorcycle,Private,1.070696634997148e-05,0.9382464289665222,0.05552699416875839,0.005525105632841587,0.0006908625364303589,Bus
ca37483a.wav,Motorcycle,Private,0.22021929919719696,0.10197553783655167,0.5519822835922241,0.05201059579849243,0.07381223142147064,Motorcycle
80f99ca3.wav,Skateboard,Private,0.003294204128906131,0.2502109408378601,0.5786611437797546,0.11107771098613739,0.0567559078335762,Motorcycle
c747b855.wav,Motorcycle,Private,0.0007704342715442181,0.13924919068813324,0.7916287779808044,0.06505939364433289,0.003292167792096734,Motorcycle
7951ce56.wav,Bus,Private,0.09141331911087036,0.08261126279830933,0.6768121719360352,0.11693672835826874,0.03222651779651642,Motorcycle
13e84f69.wav,Bicycle_bell,Public,0.7885831594467163,0.1930430382490158,0.014783463440835476,6.65932529955171e-05,0.003523654770106077,Bicycle_bell
b0c98930.wav,Bus,Private,0.014566414058208466,0.011421428062021732,0.07329753041267395,0.847685694694519,0.053028903901576996,Race_car_and_auto_racing
042b07a4.wav,Race_car_and_auto_racing,Public,0.009670530445873737,0.03031972050666809,0.29820895195007324,0.5856162309646606,0.07618442177772522,Race_car_and_auto_racing
78003eb0.wav,Bicycle_bell,Private,0.6803349852561951,0.043805159628391266,0.15538989007472992,0.014607658609747887,0.10586236417293549,Bicycle_bell
3ecc19c5.wav,Skateboard,Public,0.013634281232953072,0.030187126249074936,0.055222224444150925,0.16732484102249146,0.7336316108703613,Skateboard
5dff908d.wav,Bicycle_bell,Private,0.9362345933914185,0.007064235862344503,0.027174722403287888,0.008407690562307835,0.02111872285604477,Bicycle_bell
b2e13351.wav,Skateboard,Private,0.10269331932067871,0.17529577016830444,0.31801334023475647,0.04427293688058853,0.35972464084625244,Skateboard
f79b1414.wav,Bicycle_bell,Private,0.43287286162376404,0.07051318883895874,0.27086448669433594,0.03252720460295677,0.1932222992181778,Bicycle_bell
daacec30.wav,Bus,Private,0.0034246172290295362,0.11982831358909607,0.4566272497177124,0.3945983946323395,0.02552151121199131,Motorcycle
058ec864.wav,Bicycle_bell,Public,0.9423695206642151,0.00599801167845726,0.008567780256271362,0.006402284372597933,0.03666239604353905,Bicycle_bell
f461795f.wav,Bus,Private,0.0011277475859969854,0.3810555934906006,0.6060817837715149,0.008227859623730183,0.003506919601932168,Motorcycle
a050a535.wav,Skateboard,Private,0.01546561624854803,0.09651990234851837,0.3855060935020447,0.028850818052887917,0.473657488822937,Skateboard
7e142286.wav,Race_car_and_auto_racing,Private,0.02296474017202854,0.042477987706661224,0.39894554018974304,0.4661262631416321,0.06948534399271011,Race_car_and_auto_racing
3246e22c.wav,Race_car_and_auto_racing,Public,0.02894098497927189,0.06276025623083115,0.20605874061584473,0.27143508195877075,0.43080490827560425,Skateboard
1c0e284a.wav,Motorcycle,Public,0.0064734104089438915,0.1299588680267334,0.843391478061676,0.0021988973021507263,0.017977425828576088,Motorcycle
58b2d8ab.wav,Motorcycle,Private,0.020019980147480965,0.4811537265777588,0.48012372851371765,0.003054320812225342,0.01564822904765606,Bus
ec0eb1eb.wav,Skateboard,Private,0.04404515027999878,0.4385753571987152,0.1750897467136383,0.03095516748726368,0.3113345801830292,Bus
22c98028.wav,Skateboard,Public,0.005281354766339064,0.4248865246772766,0.5057565569877625,0.009982608258724213,0.054093021899461746,Motorcycle
fb26e702.wav,Bicycle_bell,Private,0.9635891914367676,0.036353934556245804,5.4207182984100655e-05,6.351991957594116e-13,2.500903292457224e-06,Bicycle_bell
ca5bb67d.wav,Motorcycle,Private,0.0003131059347651899,0.015536187216639519,0.8972341418266296,0.0852934718132019,0.001622997340746224,Motorcycle
f8816b7f.wav,Bicycle_bell,Private,0.9994184374809265,0.0005302074132487178,3.4624445106601343e-06,1.338988084853554e-07,4.7796966100577265e-05,Bicycle_bell
fbb1de9d.wav,Bicycle_bell,Private,0.8074253797531128,0.011447438038885593,0.08317349851131439,0.00928361713886261,0.08867016434669495,Bicycle_bell
2b95327b.wav,Motorcycle,Public,0.0004538621287792921,0.2625488042831421,0.7156257033348083,0.01810867339372635,0.0032629582565277815,Motorcycle
3e5ce660.wav,Bus,Public,0.006889894604682922,0.11016454547643661,0.8802503347396851,0.0006654338794760406,0.0020299239549785852,Motorcycle
bf1f5685.wav,Bicycle_bell,Private,0.8815529942512512,0.09023883193731308,0.014491426758468151,4.205017467029393e-05,0.013674753718078136,Bicycle_bell
ff6eebc5.wav,Bicycle_bell,Private,0.9667893052101135,0.026106474921107292,0.004575246479362249,1.1948683322771103e-06,0.00252767326310277,Bicycle_bell
68e97aef.wav,Bus,Private,0.002418030519038439,0.407979816198349,0.41655582189559937,0.15896740555763245,0.01407881360501051,Motorcycle
3a28e28a.wav,Motorcycle,Public,0.0014213025569915771,0.19490842521190643,0.7783539295196533,0.014338777400553226,0.010977467522025108,Motorcycle
a03c2d55.wav,Bicycle_bell,Private,0.31523802876472473,0.01991112343966961,0.23076653480529785,0.14875616133213043,0.28532811999320984,Bicycle_bell
64919adc.wav,Bicycle_bell,Private,0.47924935817718506,0.03997783735394478,0.13423103094100952,0.060858868062496185,0.2856830060482025,Bicycle_bell
361c9c0e.wav,Bicycle_bell,Public,0.45627260208129883,0.057610075920820236,0.31502029299736023,0.05119181051850319,0.11990510672330856,Bicycle_bell
b582e51c.wav,Bus,Private,0.13323326408863068,0.03806474432349205,0.34103792905807495,0.48434382677078247,0.0033201738260686398,Race_car_and_auto_racing
a360dc97.wav,Bicycle_bell,Private,0.1640489101409912,0.6775291562080383,0.14149987697601318,0.004116593860089779,0.012805311009287834,Bus
4b244c1a.wav,Motorcycle,Private,0.0008021118701435626,0.44555535912513733,0.5413335561752319,0.008308975957334042,0.004000096581876278,Motorcycle
ad0e65c9.wav,Skateboard,Private,0.012400874868035316,0.2696162760257721,0.1898183375597,0.07712216675281525,0.4510423243045807,Skateboard
7ff488db.wav,Motorcycle,Private,0.006191601976752281,0.312764048576355,0.6416679620742798,0.02658488042652607,0.012791328132152557,Motorcycle
dccccf23.wav,Skateboard,Private,0.008659504354000092,0.30895429849624634,0.3825027048587799,0.15235108137130737,0.1475324183702469,Motorcycle
419271cc.wav,Bicycle_bell,Public,0.7937834858894348,0.11735284328460693,0.06140005961060524,0.01850000023841858,0.008963535539805889,Bicycle_bell
940a024e.wav,Skateboard,Private,0.015134898945689201,0.37658920884132385,0.29151707887649536,0.12595489621162415,0.1908041387796402,Bus
630575df.wav,Bicycle_bell,Private,0.38985949754714966,0.25195303559303284,0.3185223937034607,0.001156131736934185,0.038508832454681396,Bicycle_bell
6ace2c0b.wav,Bicycle_bell,Private,0.9361487030982971,0.029848147183656693,0.026307636871933937,0.0008898641681298614,0.0068054599687457085,Bicycle_bell
e718073d.wav,Bicycle_bell,Private,0.8865034580230713,0.005356946494430304,0.045906227082014084,0.001659490168094635,0.06057386472821236,Bicycle_bell
b76dbe03.wav,Bus,Private,0.5690850019454956,0.35928985476493835,0.05908450484275818,9.105293429456651e-05,0.012449542991816998,Bicycle_bell
764510f3.wav,Bus,Private,0.31109216809272766,0.2685789167881012,0.40655720233917236,0.0010556583292782307,0.012716024182736874,Motorcycle
a4844bc4.wav,Bus,Private,0.5237295031547546,0.39036646485328674,0.07108461111783981,7.039236515993252e-05,0.014749009162187576,Bicycle_bell
e0edfee0.wav,Motorcycle,Private,0.02867944724857807,0.07522079348564148,0.41563695669174194,0.3490469455718994,0.13141578435897827,Motorcycle
effefd1b.wav,Motorcycle,Private,0.10788534581661224,0.1589844673871994,0.3441069722175598,0.23954151570796967,0.14948172867298126,Motorcycle
b009a145.wav,Bus,Private,0.0037127218674868345,0.5599242448806763,0.3359159827232361,0.05904105305671692,0.041406214237213135,Bus
0f50ef2b.wav,Motorcycle,Public,0.07598400861024857,0.15581132471561432,0.39190828800201416,0.141578808426857,0.23471754789352417,Motorcycle
13cfa025.wav,Race_car_and_auto_racing,Public,0.0006676503107883036,0.7008454203605652,0.21000461280345917,0.07426770031452179,0.014214443042874336,Bus
7082e33f.wav,Skateboard,Private,0.006530298851430416,0.027703439816832542,0.06862180680036545,0.03869334235787392,0.858451247215271,Skateboard
3b7c7f94.wav,Skateboard,Public,0.06976215541362762,0.030855029821395874,0.253373920917511,0.018106024712324142,0.6279027462005615,Skateboard
ba4b6dec.wav,Bus,Private,0.00014390017895493656,0.5486261248588562,0.43159815669059753,0.019163956865668297,0.00046780233969911933,Bus
c7c8dec2.wav,Motorcycle,Private,0.11894462257623672,0.1399906873703003,0.47870057821273804,0.15072034299373627,0.11164363473653793,Motorcycle
a3d368a6.wav,Motorcycle,Private,0.028550513088703156,0.04727013409137726,0.5502253770828247,0.30026301741600037,0.07369101792573929,Motorcycle
565aba7f.wav,Bicycle_bell,Private,0.9439820051193237,0.038698017597198486,0.008024758659303188,6.076397312426707e-06,0.00928912591189146,Bicycle_bell
06c34152.wav,Motorcycle,Public,0.1335444152355194,0.17405898869037628,0.26852133870124817,0.07272997498512268,0.35114526748657227,Skateboard
ee8772f5.wav,Bicycle_bell,Private,0.9999972581863403,2.7465603125165217e-06,4.030749067851502e-09,6.10124714049969e-16,3.7006351316648534e-09,Bicycle_bell
8deaea9a.wav,Motorcycle,Private,0.010045588947832584,0.040319524705410004,0.9292050004005432,0.0029082135297358036,0.01752161607146263,Motorcycle
fa8e04b1.wav,Skateboard,Private,0.13062845170497894,0.1898041069507599,0.1456701159477234,0.02977823093533516,0.5041189789772034,Skateboard
6b85fb75.wav,Motorcycle,Private,0.0051235961727797985,0.7901143431663513,0.02911192737519741,0.03888741135597229,0.1367628276348114,Bus
19508dc0.wav,Race_car_and_auto_racing,Public,0.003716779639944434,0.023438408970832825,0.2195688635110855,0.615333080291748,0.13794296979904175,Race_car_and_auto_racing
9f822e6d.wav,Bus,Private,0.005409808363765478,0.09953426569700241,0.8420113921165466,0.02686951868236065,0.02617487870156765,Motorcycle
d214a85e.wav,Motorcycle,Private,0.000142407909152098,0.1590147316455841,0.8122037053108215,0.027126945555210114,0.0015121405012905598,Motorcycle
9d6a7917.wav,Bus,Private,0.010349745862185955,0.29481467604637146,0.6461631655693054,0.01198780070990324,0.03668488189578056,Motorcycle
23756062.wav,Bus,Public,0.028137318789958954,0.10180473327636719,0.5046442151069641,0.2672806978225708,0.09813308715820312,Motorcycle
28e32693.wav,Bus,Public,0.04487334564328194,0.05178944393992424,0.6542441844940186,0.1730845421552658,0.07600858062505722,Motorcycle
99b3c5c9.wav,Motorcycle,Private,0.025814032182097435,0.0485372357070446,0.8965481519699097,0.004411394242197275,0.02468893863260746,Motorcycle
3b13f6a1.wav,Skateboard,Public,0.0014250610256567597,0.09913728386163712,0.041871946305036545,0.04036014527082443,0.8172054886817932,Skateboard
edf3e179.wav,Skateboard,Private,0.007009067106992006,0.030491268262267113,0.0581163689494133,0.0308450348675251,0.8735381364822388,Skateboard
8cd11b17.wav,Skateboard,Private,0.0018225120147690177,0.026237234473228455,0.03323068469762802,0.0023077898658812046,0.9364017248153687,Skateboard
3e656c6e.wav,Bicycle_bell,Public,0.3972039222717285,0.02889426052570343,0.2084021270275116,0.1761186420917511,0.1893811821937561,Bicycle_bell
65e20a6a.wav,Bicycle_bell,Private,0.10562124848365784,0.8744778633117676,0.016354670748114586,6.475960617535748e-06,0.003539696801453829,Bus
b4b94b43.wav,Skateboard,Private,0.0030017835088074207,0.03479475900530815,0.3174903094768524,0.5691733956336975,0.07553974539041519,Race_car_and_auto_racing
39bbcabd.wav,Skateboard,Public,0.007289317902177572,0.3745764195919037,0.4073457717895508,0.05316440016031265,0.15762411057949066,Motorcycle
7921c5c7.wav,Skateboard,Private,0.004087774083018303,0.019745945930480957,0.06624453514814377,0.0029999178368598223,0.9069218635559082,Skateboard
e8c530d8.wav,Skateboard,Private,0.006824530195444822,0.1837942898273468,0.14308732748031616,0.0921119675040245,0.5741819143295288,Skateboard
2d15ca77.wav,Skateboard,Public,0.10759895294904709,0.013825957663357258,0.0416148342192173,0.000956621253862977,0.8360036015510559,Skateboard
30960f70.wav,Bus,Public,0.0009502539760433137,0.5305025577545166,0.4129939079284668,0.04816542938351631,0.00738775497302413,Bus
89546fe1.wav,Bicycle_bell,Private,0.8881241679191589,0.04543491452932358,0.04248083010315895,0.00018907706544268876,0.023771105334162712,Bicycle_bell
20b16812.wav,Bicycle_bell,Public,0.8363990783691406,0.08689545840024948,0.04972943663597107,0.0004539471410680562,0.026522083207964897,Bicycle_bell
32d21079.wav,Bicycle_bell,Public,1.0,3.958255390124066e-10,3.595440455879731e-16,5.4006567263624625e-20,7.684427096379953e-13,Bicycle_bell
a6d02632.wav,Race_car_and_auto_racing,Private,2.9228089260868728e-05,0.03467198833823204,0.9642359614372253,0.00054282316705212,0.000520016357768327,Motorcycle
fba13f96.wav,Skateboard,Private,0.03735259547829628,0.07452189922332764,0.09658049792051315,0.016242999583482742,0.7753021121025085,Skateboard
25c32640.wav,Skateboard,Public,0.0670793205499649,0.045392777770757675,0.16541552543640137,0.0779002383351326,0.6442120671272278,Skateboard
143e6d96.wav,Bicycle_bell,Public,0.9724886417388916,0.0018464348977431655,0.011115462519228458,0.00026817602338269353,0.01428129244595766,Bicycle_bell
fb79f1c6.wav,Race_car_and_auto_racing,Private,0.007208302617073059,0.04869143292307854,0.40806934237480164,0.521954357624054,0.014076482504606247,Race_car_and_auto_racing
686ddf25.wav,Bus,Private,0.0005612357053905725,0.3113418519496918,0.6611673831939697,0.013869495131075382,0.013060102239251137,Motorcycle
72fc9a46.wav,Bus,Private,0.0017817742191255093,0.1921842247247696,0.3784834146499634,0.4034031629562378,0.024147406220436096,Race_car_and_auto_racing
f75df629.wav,Bicycle_bell,Private,0.7716264724731445,0.19053809344768524,0.032260775566101074,7.021095370873809e-05,0.005504465661942959,Bicycle_bell
