,fname,labels,chroma_stft,mfccs_0,mfccs_1,mfccs_10,mfccs_11,mfccs_12,mfccs_13,mfccs_14,mfccs_15,mfccs_16,mfccs_17,mfccs_18,mfccs_19,mfccs_2,mfccs_3,mfccs_4,mfccs_5,mfccs_6,mfccs_7,mfccs_8,mfccs_9,rolloff,spectral_bandwidth,spectral_centroid,zero_crossing_rate
0,ac9e7a91.wav,Church_bell,0.47921538,-170.1655,167.43213,-2.0617745,5.0269327,-0.049024835,2.770387,-5.314012,-1.2796603,-5.056097,-1.948983,-6.0192595,-4.2986298,-23.678709,12.0006275,-14.1340885,10.583515,-7.5628695,2.2401192,-7.1754665,1.2725205,2485.711032663863,1567.520643982311,1328.2426504090517,0.06940391168793504
1,65ae847e.wav,Frying_(food),0.58188003,-152.37631,-25.576666,-11.079508,-3.962794,1.8379236,17.0349,0.900431,-4.194548,-15.471757,-4.7784896,-4.7625113,4.0420957,-39.92891,-3.3865902,-14.393668,-4.354677,-12.107391,-0.2302216,-10.591919,-0.69768155,8190.985659712152,2731.856051521338,4837.437548655949,0.39347085266821347
2,32ec2454.wav,Computer_keyboard,0.5943177,-430.11172,72.56482,0.5562267,10.302031,6.116088,11.280382,2.382419,8.818456,3.780853,6.4300604,6.247882,6.2100368,0.15240663,34.508446,7.4037023,20.482264,19.327242,14.715309,8.239095,13.407251,4712.474056518271,2468.6146634414968,2206.9538670760267,0.04698829031322506
3,af7b5bab.wav,Scissors,0.35863367,-565.965,119.060165,3.2161043,7.391394,5.467248,5.9487576,2.3374956,7.763258,6.2927876,8.008763,3.9085705,7.3848314,44.4688,41.266975,25.366888,18.119717,11.444,8.117064,7.384019,4.840681,1867.3433874709976,1994.7478992148733,1065.5944773055305,0.025296594040023202
4,7e8cd849.wav,Purr,0.48025182,-277.4899,129.39723,-9.615869,6.5951996,-6.418371,5.1035233,2.181881,-10.508094,4.4716115,3.5583968,-5.2243924,-0.6591053,21.46928,6.561297,-6.6117063,22.031647,9.3673935,2.5838134,-11.835414,-6.047705,3717.1219675164475,2311.804774751751,1705.5738898658597,0.07294236567982457
5,fdfbf113.wav,Gasp,0.5259773,-468.0405,69.40048,13.610758,7.8527284,-9.251375,-5.9636965,9.241451,10.960591,-5.9428062,-2.2638967,-3.1911523,-3.5987349,-29.577826,3.1810231,-0.6665856,7.415254,3.5938444,6.3661695,-12.808351,10.081703,5897.2643400493425,2572.06259595841,2891.978494024865,0.15545333059210525
6,130aa63f.wav,"Applause,Cheering",0.51887774,-109.61019,87.20367,-12.374003,-1.346953,-10.763249,-5.849338,-7.7522,-2.3124318,-6.2757807,1.5837178,-4.712582,0.9008646,-57.451237,-19.95159,-16.795462,-5.464726,-23.746777,-7.854515,-10.412383,-3.8956285,4345.635207457221,2165.598269831486,2345.8302846485494,0.13408135150812064
7,db198721.wav,"Applause,Crowd,Cheering",0.489373,-127.4754,93.0221,-13.491564,-1.4119054,-8.050159,-1.9923114,-6.8500495,-1.6458666,-6.2322245,-0.25479597,-6.492738,-0.5600268,-60.196476,-27.403585,-17.983366,-4.4128976,-25.749802,-13.232025,-13.25824,-4.9325204,3926.231075573519,2078.0072630955783,2188.3072352575964,0.12027665507586706
8,492c192f.wav,"Applause,Cheering",0.5335343,-82.75424,73.29134,-13.013567,0.060758214,-10.442951,-4.5427017,-7.4788055,-0.4021787,-6.617993,0.9922275,-5.2973638,1.728488,-67.865105,-22.394432,-14.070469,-8.387283,-25.519197,-8.040483,-9.098405,-6.9646955,4606.406793793503,2193.6682782089792,2543.855067565709,0.15968043068445475
9,586ab251.wav,"Applause,Cheering",0.6063299,-99.94844,86.350945,-14.808384,-2.9985466,-10.278459,-3.5984077,-7.0070753,-1.0428013,-5.9267225,1.1021531,-5.018302,1.6233853,-59.508434,-20.006474,-14.288371,-1.7687732,-20.106089,-8.889304,-11.129763,-4.19524,4383.6555498658645,2170.002970396954,2379.732805690029,0.1427548578886311
10,5c35f4ad.wav,"Applause,Crowd,Cheering",0.5949044,-144.53331,88.11481,-14.057644,-2.6630704,-9.094475,-1.7327048,-4.2016034,2.0726001,-5.6650763,2.7795365,-5.438883,1.568207,-71.210106,-19.529778,-7.092264,-4.591273,-22.027668,-7.362464,-10.658099,-6.6556015,3818.6070797217153,1999.6680935854786,2319.235701161057,0.15115334169708028
11,3ed445a9.wav,"Applause,Cheering",0.5348743,-121.70485,94.03353,-13.221615,-1.9072465,-9.524548,-4.333643,-7.603551,-3.2040925,-6.692246,0.43152612,-5.2578964,0.81014216,-50.44035,-16.433348,-14.842687,-0.6161796,-21.195082,-11.0081625,-13.329763,-5.047965,4409.660265008701,2163.649658873869,2309.925765741798,0.13186426007830626
12,4771c0af.wav,"Sink_(filling_or_washing),Water_tap_and_faucet",0.62409467,-245.10286,13.14172,4.0212526,-0.31332353,-4.7896757,4.118273,-1.0015287,4.8539915,1.7587231,3.147976,4.522035,4.86931,-5.5216446,15.123024,6.3279824,6.224085,-0.5273186,5.8328333,-3.8343847,5.435133,8272.1337890625,2996.087124729607,4550.383060942568,0.35730096726190474
13,e3489c1e.wav,Tap,0.49512503,-589.4707,-1.7602174,0.92315084,-0.8747703,-4.871529,-2.3123837,1.2901338,3.423134,-5.3288913,-0.87667924,-1.1625643,1.8191444,-32.04536,-13.352473,7.751826,5.1506405,-6.077894,-5.5782924,-5.0759583,6.279271,7859.123606661872,2862.96075633853,4196.244934434391,0.3289708093619247
14,19105052.wav,Computer_keyboard,0.60256094,-387.20715,65.35438,2.3835325,15.663478,5.585011,8.967816,5.3361797,10.510604,1.9636862,3.2631772,-4.8045397,2.9896855,-26.208622,27.98272,-0.62939966,8.951206,10.988184,4.824702,3.472587,16.575645,4883.790421983758,2341.357741574771,2656.5102922137894,0.06887597882830626
15,63f15f13.wav,Zipper_(clothing),0.7018944,-368.76782,61.64834,-1.2746547,3.3766897,-2.8201005,3.2316523,-4.87413,3.3052783,-3.932084,1.7670505,-2.628218,1.6622249,6.7071066,14.08202,-1.5795032,12.404773,-0.74745136,6.4018726,0.5124707,2.0386794,7228.361550174014,3002.560279520246,3438.5686055747997,0.20264238326566125
16,bfb49218.wav,Stream,0.61184746,-35.67597,56.500862,-8.209354,-0.40189353,-5.4614024,-2.8830853,-6.1941876,-3.3219688,-4.708688,0.91168576,-4.1858816,1.1354567,-36.723797,-19.441372,-16.615887,-8.850134,-11.359243,1.1544518,-12.234275,3.4773026,6916.9794423397625,2778.9828422756505,3243.3086563955376,0.19474264972447797
17,1d721e8a.wav,Chink_and_clink,0.43520126,-387.80896,114.01649,-3.5114079,0.9392358,-3.2865338,-1.094087,-5.854133,-5.4061165,2.1342926,-0.45372137,-3.3851225,-2.6823578,-12.952463,2.5319042,-6.848875,-0.53450567,-10.424442,-9.280777,-8.18273,-4.6241794,3708.0575469475057,2048.114672781638,1866.62382915048,0.09662983976218098
18,8b79c425.wav,"Sink_(filling_or_washing),Water_tap_and_faucet",0.52874905,-291.70496,100.20809,-6.1690216,2.1151137,-7.9618063,-0.4471526,-10.9371395,-3.7560766,-8.632791,1.2597107,-4.6045637,-0.5754109,-6.7046022,2.3818552,-11.0205145,3.084293,-8.47592,-2.5170357,-12.7944565,-2.6266642,5227.4973150195765,2538.4253291584314,2459.777653658699,0.10624138993619489
19,1b7bfce2.wav,Zipper_(clothing),0.6513345,-303.17117,73.30689,-1.7066585,2.6248412,-4.1445575,2.9873116,-5.508975,2.0657387,-4.6610465,-0.6888872,-3.725707,-0.2311338,8.313786,14.147659,-4.319115,10.723851,-0.11003123,5.268563,0.42277157,2.64117,6751.558478193881,2941.719706544285,3053.490860288393,0.13569460556844548
20,d05efc4e.wav,Toilet_flush,0.4616828,-508.06485,65.342125,-3.179709,7.2844634,0.62046653,1.5749774,-11.890205,-6.2343187,-13.26507,-7.798208,-7.900753,0.22800037,-26.298773,36.037766,11.260996,-3.7345269,-6.842837,9.640341,1.3317751,-0.37622473,4694.513066904728,2263.797864127568,2585.7298302664735,0.14635975565545242
21,e5d3e758.wav,"Bathtub_(filling_or_washing),Water_tap_and_faucet",0.7287579,-415.93146,25.178219,-4.2280283,3.5609624,-2.5425286,6.3427362,-2.3812902,3.1363902,-2.8340616,3.2965214,-1.2944584,3.602564,19.356422,-0.49098906,-14.275745,9.308706,-7.719836,1.4462175,-7.220032,2.8637564,8452.68152506888,3108.445408816174,4850.178277574005,0.39802625616299303
22,9940db05.wav,"Bathtub_(filling_or_washing),Water_tap_and_faucet",0.73292583,-395.97595,28.485601,-2.7684698,1.8059247,-2.6853209,3.581585,-3.4361527,0.9111264,-4.2796326,1.0673174,-2.8153033,2.0008426,13.82353,-2.0060828,-11.345053,11.645453,-5.2507477,-0.8076467,-4.877123,2.268911,8464.647191306554,3133.6105855037713,4709.97830702537,0.378842807424594
23,edd6936f.wav,Run,0.6735769,-427.9806,102.115364,-1.4826552,6.8902974,6.152901,3.6761544,0.40112287,2.9598486,0.54838353,1.6686428,-2.2683916,4.8966656,9.01383,37.854454,16.857256,19.043486,14.16506,7.1920433,7.1088057,11.893575,3166.5177055027175,2201.3305631586827,1419.1951400331493,0.0338961204386646
24,a0ada026.wav,Zipper_(clothing),0.41094083,-376.89648,81.93134,-7.129933,-0.36788562,-5.6628504,3.7533884,-5.0535626,2.496383,-1.7961279,3.0431466,-2.4943078,4.079362,-6.083132,7.0517287,-2.8043435,-0.9209338,-2.5897083,-3.7979422,-2.833127,-2.255633,4881.551963404605,2386.6728376868673,2151.2036780715125,0.07979258040935673
25,7a5e5707.wav,Shatter,0.5856515,-327.78308,-34.265495,-2.008887,-0.11359648,-7.7203417,-1.315398,-8.354863,0.6978575,-2.655525,3.9554286,-0.5211497,2.8621116,-0.5897101,-2.636224,-6.850598,-4.2690535,-5.8453875,2.2629242,-1.8765267,3.0211182,8532.53173828125,2557.0650843589965,5629.502629398152,0.48140775240384615
26,42126f20.wav,Church_bell,0.23185188,-286.02774,132.14136,5.496127,10.687728,3.9423296,12.262201,0.928705,-5.057279,-13.824344,-1.698328,7.082671,9.001859,-75.70114,11.255916,-19.7086,2.1467423,-5.3133645,-0.43554637,-6.4211397,4.1628127,2981.4743148201856,1460.0237026048376,1771.2308275651721,0.1290535274071926
27,0d06ee8b.wav,Toilet_flush,0.6370116,-173.73347,0.289087,-9.95128,-4.6822114,-9.732512,-1.7164927,-5.1965857,3.133904,-1.6260618,6.409394,1.853408,8.778391,-45.99311,-19.327068,-17.21309,-13.0470295,-10.111551,-2.505021,-10.240584,-3.6793776,8153.939557352088,2930.3976450681544,4311.4206002670335,0.31727858541183296
28,75ba74db.wav,Car_passing_by,0.5544818,-44.64997,117.46005,-3.3477252,4.6029415,-1.5103674,5.2108636,-4.3157783,0.67950916,-3.4329054,2.392107,-0.7248885,6.2818975,-18.409657,17.435555,0.744266,11.887622,-5.5559387,8.276352,-8.562115,8.19762,4054.689982786017,2191.124320754327,1944.6500561250477,0.0898244394420904
29,1536cdfe.wav,Zipper_(clothing),0.6521432,-467.87823,89.28069,-0.94840455,5.9526095,-0.689509,1.9771174,-1.497849,4.5167723,0.42537358,3.706136,-1.5637624,3.851815,11.543218,36.342953,23.991188,21.275858,6.202197,18.711744,-0.07980959,11.880063,4150.2685546875,2474.9038623772176,1748.5596691784242,0.036900111607142856
30,f0b26cfb.wav,Tick-tock,0.74315053,-406.60028,89.68983,5.1655593,11.694501,7.1721616,11.383272,2.9105058,9.157489,6.363482,11.739414,6.8016915,7.7584276,19.402987,25.396328,14.479862,17.545559,10.257133,13.792486,7.403011,13.512275,3151.491693554234,2363.032069533711,1366.3053920558957,0.021947732381090487
31,bd590943.wav,Zipper_(clothing),0.7087875,-556.7374,88.14492,11.488375,9.884991,8.036161,8.631649,7.3768115,5.42649,5.2751455,5.8462315,2.5477078,3.9837582,51.08984,38.122196,23.445686,18.856443,10.80442,14.628403,6.6307116,11.434368,1998.87939453125,2167.5260025871053,1003.2308984323638,0.013167317708333333
32,49cc7d13.wav,Zipper_(clothing),0.48892522,-460.08112,145.91348,8.62736,9.169541,9.216888,8.963953,7.846847,5.097931,7.5561304,4.462957,3.031188,4.9001007,51.73503,24.49143,36.422176,32.44686,14.367872,7.6557164,-2.056492,3.6401927,592.7180653994845,1345.4428665963378,482.18469809751633,0.00789807506443299
33,1a598ecc.wav,Zipper_(clothing),0.79754555,-523.99664,87.38424,6.4350505,7.148256,6.539024,7.0442257,3.7988899,4.690743,3.7684846,4.589387,3.460882,3.3006144,31.084774,28.079973,28.64961,27.304358,15.0736065,16.764732,7.0561595,12.986032,2207.7126242897725,2143.8388786590813,1027.9825861276684,0.008915888798701298
34,bfa6c58b.wav,Male_speech_and_man_speaking,0.52216077,-207.40112,106.67307,-3.8563557,6.5687313,-5.488597,6.457351,5.9560122,-1.1644342,0.49905884,4.4944005,2.2143536,8.928529,43.47484,12.051134,-8.818529,24.738739,-5.730002,26.783104,-2.942773,-0.8947862,4898.600567511792,2565.761207071597,1946.730215558208,0.06096145341981132
35,845b9b61.wav,Purr,0.7052317,-320.60065,143.45454,5.2700095,13.704555,4.221169,7.894496,1.3169557,4.504822,2.5174153,7.518914,1.2845969,4.89873,31.507526,23.540333,-0.04853672,16.193783,9.114389,9.149883,-2.9582653,5.6215105,1613.1166958200406,1887.9777526018834,954.3169103496667,0.018249936557424594
36,55cf17c7.wav,Child_speech_and_kid_speaking,0.33919486,-307.19574,-34.337944,28.797426,15.049494,7.0842924,3.4716978,-2.5501735,0.23018694,0.6569604,10.167232,-5.8577976,4.3662963,-35.363125,16.223019,-38.997723,-3.9309907,-6.728784,-9.485796,0.06803699,-5.729008,7004.87060546875,2420.667079413975,4429.599325043203,0.33275462962962965
37,7a72cf5d.wav,Male_singing,0.16426967,-187.50862,157.10771,-2.463429,-24.734615,3.2756405,2.232817,-22.495272,-23.998007,-14.760169,-9.421802,-8.341094,-4.4499493,-18.705048,-23.7473,-51.466835,-34.83838,-22.700415,-12.491993,-42.7615,-28.189873,1241.781354227088,1230.1849076835576,1037.213483221215,0.06515439203886311
38,ad4fee9e.wav,Male_singing,0.31620884,-156.86354,169.22401,-8.689951,-20.712303,-13.618898,-2.1747718,-0.93751025,-0.29073486,-13.023727,-5.157905,-14.437335,-13.110354,-50.75481,-24.300972,-47.212154,-43.369682,-17.62629,-7.0353413,-32.22773,-15.117948,1727.0698879076087,1238.5323505368417,1158.5555628411992,0.06640170079580746
39,fcd34fbf.wav,Male_singing,0.32119378,-175.46028,171.63193,1.0630043,-12.975563,-12.115161,-1.6050714,-1.9403675,-1.3588116,-13.808216,-4.6694255,-8.795225,-13.067834,-16.165228,4.054248,-49.149353,-57.713333,-22.94319,4.0431447,-16.11554,-17.798437,1316.9227405379931,1242.3748933401753,1036.971920914205,0.06028177566705337
40,735fe89e.wav,Scissors,0.26973847,-530.8021,31.08374,6.0717807,15.196765,8.62456,7.487162,6.1638956,9.7407875,0.25610325,2.4402282,-2.4712276,2.7891483,30.54565,35.259434,26.434464,30.0362,5.691813,25.104008,12.747741,14.797773,4865.386617408609,2676.249960782628,2493.631594865897,0.03590479436910377
41,46dc70fc.wav,Zipper_(clothing),0.32486695,-452.61502,92.91008,7.876785,12.930392,6.2190466,9.977307,3.9976103,8.606199,2.8761444,2.8397763,-0.7624544,2.1411657,10.547968,20.431004,13.342162,27.603125,12.516292,22.152819,6.0338807,18.049082,3565.2517064846415,2344.2951146780406,1525.367561421952,0.02381079351535836
42,2a0c0987.wav,Purr,0.7798834,-510.0886,103.911644,14.564725,11.889654,10.406236,7.3487644,6.249371,5.8469486,5.43798,7.088266,5.702918,6.544075,27.929842,37.545624,17.200533,23.517256,6.66013,11.264536,11.932633,11.950156,1618.7830144708807,1871.0094217958592,842.165861462432,0.008594859730113636
43,0435216a.wav,Keys_jangling,0.48099282,-421.92816,-88.681,1.4839095,12.662009,17.957947,4.587828,4.60015,14.607103,6.464522,9.265609,7.1745543,10.716756,-24.08296,27.154324,25.70279,-15.451881,6.710567,15.677555,9.754581,12.867322,9038.724385060179,3042.123984968505,5501.33813031972,0.378847339037123
44,43348c06.wav,Buzz,0.22990876,-263.5119,55.73643,-5.3905406,10.245683,-10.865656,-0.5819199,5.3468814,-7.8139095,1.7538494,1.4629573,-11.961014,3.7009635,-22.053284,45.610794,-22.993378,16.932577,1.3451126,-0.3193524,9.824175,-1.8507237,5132.911644912348,2169.5631490508413,3284.866472463251,0.2300947980182927
45,bacae58a.wav,Frying_(food),0.6380032,-244.97807,17.425299,-19.524597,-11.458594,-12.165087,-9.406597,-13.159639,-5.270915,-10.684782,-2.8441815,-9.754568,-3.2505035,-23.058083,9.368847,-22.164473,-6.3656616,-10.6740885,-7.5443134,-17.32919,-8.497092,7355.412444714327,2730.411805103889,4077.233797816415,0.3126234864414153
46,ba029236.wav,Frying_(food),0.5855048,-179.94287,-64.9912,-23.224636,-3.0700798,-4.11172,7.568888,-2.5946908,-3.1326632,-12.857916,-0.69615704,-8.168104,1.2370375,-29.349957,9.865027,-22.224026,5.991493,-22.419538,-7.3218436,-18.740273,-20.503382,8086.296622983871,2364.682434829082,5395.117663127088,0.4858516570060484
47,74413d46.wav,Church_bell,0.376757,-83.2962,91.21975,-10.981851,-8.423102,-14.688687,-0.30603474,-6.5424323,1.939589,-4.2766566,-0.4944175,-6.8100667,7.368394,-73.13419,-4.458261,-3.69586,-17.160032,-12.442145,3.3723648,-19.851648,-9.397884,3394.1024461644433,1820.838546156766,2146.768953625201,0.14603461245649652
48,7a06e703.wav,"Applause,Clapping",0.6822334,-125.87063,18.626404,-6.590169,0.924779,-6.7244086,1.2659887,-4.608575,1.7066165,-4.1054344,1.2426254,-4.957062,1.1966785,-67.09181,-13.105847,-8.240328,-5.4007077,-15.598086,0.36623913,-8.885302,-2.124555,6697.125938043793,2560.3777223799048,3533.974684112823,0.24085973752900233
49,45e821c3.wav,Meow,0.34242526,-243.76627,80.984886,-2.4556234,0.49389815,-7.430239,4.5456624,-0.4653685,8.199133,10.460452,12.400694,9.455537,8.245158,-21.07989,-26.346647,0.05432496,8.950058,4.742503,7.797039,5.832622,-4.6599784,4537.975473872951,2454.0451382342076,2232.556688454352,0.1149168587773224
50,a0a85eae.wav,Meow,0.29629922,-217.4886,73.75222,21.311474,-3.4931061,-6.0079293,8.680463,-18.591581,12.587344,6.874557,15.21991,21.651217,-3.3634877,-155.09985,61.93341,-23.675346,0.8604483,8.264827,1.1967063,24.657427,-16.778866,3345.150479403409,1089.4663269034409,2432.4294146721513,0.22204959753787878
51,20adca87.wav,Hi-hat,0.75839347,-552.47156,60.283268,15.75574,8.659496,7.1789074,3.5703225,6.7493916,4.0779834,-0.41804555,-3.7591164,0.3648728,2.9792714,46.61317,27.962631,24.255018,11.611317,8.460036,6.345348,12.230496,12.148661,6928.30810546875,3401.0228737206144,2246.052067082248,0.00048828125
52,14c64597.wav,Toilet_flush,0.5223315,-170.28584,38.811245,-2.0865853,6.3965497,-0.25212985,2.1660464,-7.1253695,-2.9547267,-6.807837,0.79417753,-3.5993776,1.8852191,-13.448309,8.29735,-0.92340016,6.5839753,-2.9241247,0.9008019,-5.6460733,0.346789,7503.072263359194,2957.4663275386533,3747.798358295329,0.234895002537703
53,7b0c6614.wav,Church_bell,0.1829191,-471.6527,76.87244,24.529392,28.696833,9.520448,6.091796,13.293982,10.910011,-0.9806874,-7.7298775,-7.2825074,3.9134326,1.1828473,-26.844063,-48.703922,-44.790314,-37.16763,-21.664007,-2.0300834,19.13074,1279.2771058403423,1225.7855855936089,1069.85032155461,0.06521217009860789
54,47b3a2d0.wav,Knock,0.6491389,-549.00586,39.033924,8.154544,7.9570036,7.2920427,7.909952,6.858029,6.424373,4.8466916,4.229751,3.3006353,3.392598,16.527948,16.985905,13.184872,15.570579,12.919761,13.723348,10.936925,10.502407,4727.062676732889,2688.6933380671253,1865.712585258151,0.03813805104408353
55,f7178c2a.wav,Writing,0.4358084,-602.6131,115.519516,-3.9184642,-11.409524,-4.5246515,2.451713,-8.560377,5.273958,2.95492,-9.858431,-17.499525,-8.595308,-17.998936,-7.1195135,-30.152466,-5.8730755,11.612503,-5.9464297,-28.19628,-6.1146564,3369.9462890625,2062.520235435785,1734.754922813785,0.01025390625
56,e6dfd952.wav,Frying_(food),0.6864647,-203.81007,6.263297,-1.458597,4.6993327,-4.5445695,3.4239917,-2.469303,2.802221,-3.1384158,-0.79726946,-8.218695,-0.620389,-2.6238296,8.418291,-4.570694,10.5548315,-1.3214889,1.6550694,-5.0310526,1.9844486,8435.348992598685,2944.94839835059,4853.413358583481,0.4145356641834365
57,8182600b.wav,Frying_(food),0.6328975,-45.913498,31.196238,-4.547242,2.79428,-5.273598,0.6357035,-3.5347676,2.3817532,-1.6405451,2.043974,-6.018721,0.32743722,-33.467693,-7.501975,-19.49424,-2.7512784,-6.2236233,0.8840476,-6.0716267,1.0546126,7246.747208526682,2767.6738180098864,3814.7362090044844,0.28425445910672853
58,beef428f.wav,Frying_(food),0.71621627,-76.669624,10.433941,-2.122644,4.424518,-3.4829357,3.2978675,-0.884413,3.0989435,-2.590178,-1.1257316,-9.752103,-1.2749852,-27.682083,-6.572935,-16.028574,2.7845764,-4.555633,0.14380634,-6.9852066,2.1135278,8007.2040177276685,2868.2164300898285,4433.084479101605,0.36139836499419953
59,f988930a.wav,Frying_(food),0.6956436,-47.77033,20.989235,-13.318296,-3.2034578,-8.954253,-1.232248,-6.445617,-2.7922578,-8.747642,-5.8324804,-14.861947,-9.28797,-44.284653,-8.033984,-24.66504,-6.388474,-12.152915,-6.272161,-15.413032,-8.469079,7166.1449599847565,2704.3878622438942,3843.125628013226,0.28845036204268293
60,8c862be7.wav,Frying_(food),0.68106806,38.374756,13.962653,-7.073961,4.9219265,-1.2509043,3.591423,-3.7157233,1.1252002,-4.692105,-1.4251821,-9.012308,-2.390009,-42.01656,-4.9933696,-21.796597,0.23062545,-11.517161,-1.5041549,-12.501395,-1.6220344,7241.42287877322,2667.5222362738195,4020.586533428507,0.3092437838622291
61,a3c8a463.wav,Waves_and_surf,0.68176943,-113.473724,74.85236,-10.45532,-2.3852682,-7.0133266,-3.1956553,-7.2887053,0.23332453,-6.354795,-0.13590331,-4.4409943,0.39141643,-25.726334,-4.5975103,-21.867086,-0.539064,-15.053067,-4.5852084,-12.025504,-2.409645,6005.922426970109,2603.505002409822,2912.9808262649135,0.17758010643115943
62,5d506354.wav,Cricket,0.2766393,-198.10712,44.689022,-0.35105407,37.747482,1.7193117,2.0839407,-0.36697206,12.201987,2.134585,-2.4084353,10.490689,8.62017,-28.609472,25.078938,20.747866,19.230988,4.2618556,28.449203,15.930011,-25.135088,5464.450703770661,2504.64232699344,2989.7836511389946,0.17685869705578514
63,a12581b4.wav,Hi-hat,0.64640385,-702.15125,27.916975,-3.0667322,3.8292904,-5.8907485,-0.2700868,4.0033083,11.550126,0.9022784,0.13311501,-9.168171,2.3873081,12.6322775,10.449753,-9.021659,5.81473,-8.2228,4.708879,-0.8008573,3.0037572,8109.404296875,3153.1193301172757,4254.0295992257525,0.20405970982142857
64,5dff45c9.wav,Hi-hat,0.41796973,-490.80984,28.013636,2.9215386,9.492042,3.6330462,7.0031967,9.2060995,14.026164,3.3497279,0.081237905,-13.288754,-1.6740712,-30.989822,-7.7344174,-34.96375,-13.387191,-30.81239,-9.57201,-7.012283,3.562479,6641.6979337993425,2679.0947210897534,3560.65401529974,0.22678277725563908
65,4d12f731.wav,Fill_(with_liquid),0.4345078,-477.78622,15.776977,9.810233,10.56721,0.24222197,6.5158997,-3.7575233,7.332147,-0.8029369,4.5567384,1.1380632,4.8018527,-36.00493,-1.6598384,6.949136,24.47442,20.643059,7.689535,8.633834,13.06196,7045.209266399515,2793.6809300696477,3742.274146291756,0.16925259294181033
66,67722d33.wav,Zipper_(clothing),0.55133635,-575.1187,82.93976,0.52545375,6.436741,-1.4898691,3.6859498,-2.407394,2.8373008,-0.117188394,1.0911527,-2.4109797,2.4522717,17.728712,26.005892,7.9768314,7.655572,-4.0707746,6.935708,1.7380099,5.095482,6145.945868434676,2884.014085663883,2588.214723759097,0.10227727315512049
67,aa8d36ba.wav,Zipper_(clothing),0.6877955,-500.02057,39.447086,0.70021224,4.5767365,2.3163488,10.9541025,-1.6557533,2.7325099,-0.4565484,4.993388,-3.104773,2.1291282,17.394588,33.95066,3.15087,5.00003,-7.957517,4.1606784,4.8790655,4.052058,7565.6080979567305,3028.6964320577836,3923.28145082089,0.22408353365384615
68,87febe0b.wav,Chewing_and_mastication,0.43618518,-463.93655,58.479935,1.6928577,7.5294247,0.8086245,5.7050743,-1.1422046,5.2594523,-1.3781495,2.3481085,-2.0722523,4.9469876,25.317167,33.31561,7.0353794,17.42352,8.264135,12.655468,3.6295934,7.7211576,6199.314253734049,2779.961710334445,3174.267450814564,0.17136292778422274
69,7290783b.wav,Zipper_(clothing),0.60463434,-403.18503,96.386925,-1.779187,2.9202585,-2.8567572,6.045286,-3.610429,5.120119,-2.5256314,3.7245743,-0.21315955,2.597509,18.685266,19.947977,-10.642802,3.6523125,-10.017628,4.9808774,4.793277,0.26404336,5590.514145428509,2695.949584400603,2351.661976115718,0.07886478574535963
70,c20d1733.wav,Zipper_(clothing),0.66519904,-385.64377,49.85915,0.5113059,6.5636005,-1.8328917,6.9411235,-0.48079622,5.277183,0.94289505,4.5049148,-2.755816,5.336252,11.791854,23.964779,0.5778506,6.509686,-2.135907,9.161148,8.638863,5.740525,7052.783203125,2971.3418537287257,3301.6850465197817,0.16132214604591838
71,dfe243ac.wav,Zipper_(clothing),0.6285524,-483.67297,90.19865,-0.9289743,3.6169655,-0.77278936,6.8124647,-2.88669,4.141944,1.7101833,2.703052,-2.17684,3.8143883,19.906305,27.892315,10.180798,21.830345,-0.5596923,-0.65786713,1.8261085,5.6903796,5524.94029600493,2737.623170264338,2285.6549104669257,0.08052788754350348
72,59fc1d0d.wav,"Toilet_flush,Gurgling",0.41986772,-233.76991,50.662163,2.3036733,9.007661,-6.070774,-5.736049,-13.473201,-6.6802416,-5.218694,8.721641,5.2174187,8.205168,-16.545687,3.4979875,10.746218,6.4778633,-7.977378,-2.8526344,-18.07372,-6.542228,7046.10202595339,2872.684681564329,3359.380450977433,0.18853242518538135
73,0f381587.wav,"Sink_(filling_or_washing),Water_tap_and_faucet",0.6118112,-113.57329,16.586964,-4.1390753,-0.84973717,-1.3790959,4.7782054,-7.5742946,4.655965,-5.0285196,-1.4110434,-3.7253249,-0.3820509,11.409632,7.110051,-5.823294,10.841592,1.6996937,8.984791,-3.3594923,7.4716616,8199.5040150087,2946.7193373997147,4806.722952247703,0.3639179415603248
74,d7f3ce5d.wav,"Toilet_flush,Gurgling",0.52021825,-365.97092,57.61934,2.7522182,4.7763696,-5.147531,1.8584813,-0.040354844,4.0910482,-2.7953527,0.24577592,6.2211704,12.678983,5.850461,12.446991,6.0335774,16.270506,11.145484,12.394027,0.38241008,8.216514,6014.810106230945,2828.833934341882,2616.8108324781015,0.09149120299796748
75,ce701343.wav,"Sink_(filling_or_washing),Water_tap_and_faucet",0.6011548,-325.2555,4.6161666,-12.674876,-2.566184,-8.403458,0.5921747,-7.2078524,-3.2435744,-8.030196,0.21588759,-10.028591,-5.5725665,-15.536081,0.9980474,-12.298379,-16.772982,-9.308045,-1.6978674,-14.687665,-4.9420304,7598.311545632102,2682.0193319647747,4643.683432914377,0.38707263060290403
76,98a5fee6.wav,"Toilet_flush,Gurgling",0.46915597,-241.77399,59.903458,-8.16347,-0.028393526,-7.7978973,-4.226596,-5.5464025,4.6302977,-2.2624302,3.0687313,0.653401,10.733717,-10.318148,9.360593,-8.744464,3.3870447,-1.184852,-1.1057358,-11.916325,-1.6684511,6579.792463475203,2805.8053269273937,3132.9907428332035,0.1625036252900232
77,9cfed0c4.wav,Toilet_flush,0.4466712,-236.64056,74.19223,-8.970225,-8.106447,-17.578915,-12.781607,-11.081094,-5.138601,-11.951947,-10.002113,-12.3786125,-1.6470724,0.86457074,12.90511,5.110688,7.0664377,-9.202468,-0.43298274,-10.365066,-8.534754,6024.709366508152,2760.6627238138453,2699.654794861009,0.12391728940217392
78,98b5854a.wav,"Toilet_flush,Gurgling",0.4617932,-247.49939,59.617115,0.49958098,1.639373,-5.1870856,-3.8474267,-11.56396,-8.104833,-11.597572,-6.6723576,-11.192397,-3.160505,-5.6154776,6.6618614,2.5701535,10.898227,1.4170768,8.87216,6.2974095,10.834869,6399.716357970506,2844.5299047198055,2956.4050307527878,0.12502926029962547
79,824d9810.wav,"Toilet_flush,Gurgling",0.4596936,-170.1677,63.928707,-5.6127996,-0.059185904,-9.236913,3.5325472,2.6046793,5.6693344,-5.9783044,-0.28421155,2.040159,6.9037857,-15.052982,-7.624767,-13.952029,-0.44194835,-4.208342,-1.5941359,-10.712555,-2.3361883,6360.263705862094,2781.9575012280097,3007.4346565972655,0.14967463022041763
80,322988c5.wav,"Toilet_flush,Gurgling",0.49628627,-271.91534,69.38812,-3.7517123,0.3111322,-6.4573245,1.7234037,-4.838874,0.3355506,-1.9122858,3.3160183,0.088287674,5.332146,-5.853784,4.45887,-5.7789655,2.8917654,-2.4293814,2.6260233,-4.579792,2.9098864,5383.955891927083,2611.818232364164,2482.3849131889333,0.10751358920304233
81,ac7ab5c4.wav,"Toilet_flush,Gurgling",0.47335592,-195.26518,67.68744,-8.594271,-5.8703833,-11.294537,0.16122048,-6.4174075,-1.0615716,-5.758901,0.860391,-0.21451506,3.8328469,-3.7624617,-2.3288047,-8.406431,-2.1734378,-11.798605,-2.0761216,-12.021564,1.5239837,6662.7527506888055,2873.9859213871505,3126.357747482798,0.17182968387470998
82,63aecdfb.wav,Church_bell,0.3070212,-408.54294,181.88458,-11.363945,-10.468612,-6.5519495,3.7874527,3.2535207,-4.6684732,-17.959473,-11.713123,0.2242365,13.077819,-30.478325,9.070049,10.82989,9.515818,-10.4211855,-14.2009,-8.24958,-4.4793057,1730.9248001558874,1230.2808493127422,1023.2009096904035,0.056137616009280744
83,36d91ca6.wav,"Toilet_flush,Gurgling",0.42654467,-224.66988,66.850975,-4.59581,4.1275816,-7.8402267,-2.6560426,-6.964217,-3.361634,-11.208269,-4.4793243,-4.8968873,5.2380123,-19.550047,7.0956335,-0.8143915,-1.1826558,-2.5495248,4.238435,-16.581211,-7.3580065,5737.20703125,2620.6611185943293,2811.4733465809595,0.12829340720663265
84,b4db68b5.wav,"Toilet_flush,Gurgling",0.43795222,-307.52933,43.76153,-0.042788077,3.4519627,-6.7449965,-7.156703,-11.27356,-6.9062395,-4.625687,-0.094710164,-2.699849,0.5948841,10.452657,15.998185,8.560747,15.2574625,6.322891,-3.9788957,-12.887795,-0.3541915,6424.090717384319,2800.22235742335,3283.671263973732,0.20304717625321336
85,7e97ba69.wav,Fill_(with_liquid),0.5058054,-439.88873,39.152805,10.911796,5.4369383,-3.305242,5.5885534,1.7510939,0.13588919,1.5815701,4.772099,-6.4212656,1.4607054,9.531294,12.092796,-12.848182,7.350186,5.2666802,14.076081,2.5475786,9.347199,7546.1136890951275,3027.7157678389253,3841.7338387833224,0.23941981764791184
86,30d1af01.wav,"Toilet_flush,Gurgling",0.51253617,-316.05984,58.33426,-3.598114,-2.710147,-6.29645,-2.376448,-9.496557,0.13687447,0.40353474,3.8015945,1.7173067,9.627484,3.233673,19.331022,8.578495,6.9611087,0.85211575,7.448198,-0.58168083,4.3506517,6451.036530121198,2897.631957167061,2818.047736467471,0.1063339175380228
87,1dcff5d3.wav,Church_bell,0.29881647,-326.11182,76.19024,-9.123129,-9.831952,-2.8918395,4.701497,-7.088627,-16.422909,-23.233917,1.8920474,19.181614,13.579329,-19.931967,-8.696824,-13.1343355,-3.8017974,-24.986109,-22.944946,-17.551407,-2.850211,3612.756885785238,1887.0951101391888,2253.3416818064293,0.1632581387761021
88,40d9de68.wav,Bicycle_bell,0.20560977,-373.2481,20.6094,-14.507503,16.719622,-10.444993,22.50051,-11.456044,-2.3762655,16.212492,0.29705107,-4.8236465,-1.1048249,2.552235,8.552445,9.121192,19.379623,-5.692571,-12.784055,20.95139,9.102001,6929.331690828565,2462.5878051010413,4566.610590408092,0.4623370103433099
89,b7b2c6b6.wav,Traffic_noise_and_roadway_noise,0.6051513,-294.6333,142.23277,-2.834257,2.1491513,-1.2563739,5.1729774,0.56053233,3.1023018,-0.99707055,0.87212753,-3.120857,1.1422402,-50.00987,-3.0152948,-3.4982264,9.596632,6.564462,7.700062,3.2907789,6.0167613,2745.0337491843097,1669.5947231354749,1630.2993989708118,0.10222977994489559
90,64f50c86.wav,Accelerating_and_revving_and_vroom,0.69993,-443.96985,36.029015,10.25086,8.246794,6.7250347,5.5938125,4.8207526,4.2914796,3.9702137,3.7613032,3.6507916,3.571338,34.590015,32.29428,29.371317,25.998049,22.45756,18.929571,15.649379,12.714035,202.9635694550305,558.1492051499675,154.0114998385346,0.004909012957317073
91,ac24e081.wav,Chewing_and_mastication,0.685554,-605.985,83.109856,-0.7580932,8.316884,3.5596194,4.655793,-5.521258,5.2908883,2.277595,7.1988688,3.668738,3.59579,23.0452,25.706587,10.211015,24.659086,5.3721485,14.811803,7.405071,9.026842,5637.552453415024,2814.066437046293,2132.026061115756,0.04496039370649652
92,1b288941.wav,Printer,0.50907326,-248.32944,104.353584,-4.935059,1.95922,5.037035,6.594552,-1.7141913,-5.395527,-6.345076,-0.86265206,-6.4543567,-1.074297,-8.179058,2.534192,8.493569,9.749272,-7.8564243,10.67574,-5.6666703,3.2902699,4845.170547237529,2397.461450570143,2303.282690364018,0.11305240356728538
93,5c458f3c.wav,Gurgling,0.51433575,-283.28238,108.69655,-2.215304,12.878881,4.048678,8.410113,9.509804,3.6424375,3.2115357,2.9843717,0.4013208,1.5383573,13.379607,36.44189,-24.958103,2.6723404,4.0414877,-10.694982,2.614972,6.17387,3952.791643253335,2139.598715722264,1953.360118513555,0.07993537920533643
94,289bba34.wav,Chewing_and_mastication,0.7078198,-506.85513,28.530281,6.314761,11.336903,2.4512913,9.127747,3.6369324,7.632526,2.3273704,6.7600408,2.1569822,6.861969,31.969955,26.294641,27.456293,11.982514,15.601422,9.466473,13.526392,15.96948,6956.673479190836,3246.2465823813613,3223.299889257283,0.0602625163138051
95,f834cdd3.wav,Chewing_and_mastication,0.72492725,-498.4876,42.246777,6.7433147,10.694103,7.2894883,8.13906,3.8801546,6.04991,1.2782232,6.4453115,2.8982923,4.9325414,21.920925,19.21259,19.5184,18.248785,17.753223,8.281311,9.521274,14.862697,6181.228361550174,3050.9078520421967,2774.691770014449,0.06491648238109049
96,7ea9dcb5.wav,Scissors,0.6626171,-474.70126,61.46704,-0.33550784,3.1839387,-0.6899276,6.442439,5.454081,9.242671,2.8455937,7.4230514,-0.5990242,3.779998,35.174023,22.813942,4.0928297,5.037411,-0.2927247,8.021172,-1.9734676,6.4394965,7531.5919574938325,3188.2070718077366,3449.5681013421795,0.12781404194078946
97,83ececad.wav,Drawer_open_or_close,0.5941488,-395.9261,120.31545,3.4019685,3.2849488,1.3040855,1.47888,-4.9559393,3.368676,1.0900315,3.5467064,1.5194819,5.1132812,12.806894,25.653666,13.192204,15.343447,6.685047,4.2358484,3.5918128,7.4283013,3234.4216918945312,2226.4131345822725,1428.075030926296,0.033544921875
98,13313897.wav,Zipper_(clothing),0.59926975,-341.43344,42.423714,-7.539924,2.2099078,4.436944,4.003576,-7.8884172,-0.603379,-2.7316995,8.171891,-1.8178283,2.834164,22.219276,34.830147,0.92318845,-12.4881935,4.8704896,13.294948,8.836729,-0.3332178,7758.315207741477,3164.5901856786345,3624.307922305545,0.18994140625
99,f46cc65b.wav,Drawer_open_or_close,0.6395029,-470.1529,103.06738,2.2914362,5.5301723,1.3183073,1.0901542,-3.028654,4.1787553,0.59039044,4.653053,2.7873352,6.7508435,9.1945095,22.66487,10.662244,14.626388,8.841232,9.968703,5.0291104,5.410688,3719.5086612879672,2372.7386920083914,1598.0209792880758,0.03915833089953271
100,1a1980f1.wav,"Sink_(filling_or_washing),Water_tap_and_faucet",0.5710008,-89.20381,28.428635,-9.1363735,2.8998358,2.8598692,12.050011,-1.905144,2.119918,6.6963577,9.067363,4.745964,16.202692,-28.746809,8.637816,-2.4706833,-8.53234,-10.771107,6.6074357,-5.680951,5.3346796,7423.859053255511,2794.777774608009,3943.7497192333067,0.268034684962297
101,7236af93.wav,"Sink_(filling_or_washing),Water_tap_and_faucet",0.621578,-363.56628,42.19483,-5.491938,0.7002596,-1.7918822,4.1957316,1.8096662,8.30143,5.805723,8.53324,-0.7538138,3.6124496,33.660076,25.701643,16.924688,1.346414,3.3413012,0.6227043,1.5549823,3.44304,7939.656707692865,3357.513092907582,3610.5995572548663,0.1145535002175174
102,765a95d3.wav,"Car_passing_by,Traffic_noise_and_roadway_noise",0.37031794,-90.30765,135.15056,-4.6572456,-3.212093,-7.305691,-2.8781645,-7.3795123,-3.8905666,-5.2037106,0.3870252,-4.1750846,2.3003566,24.696674,34.165535,6.16828,10.688784,0.3983584,0.42058513,-5.3170457,2.6904256,2592.480702750599,2024.8806020172094,1246.1454538314138,0.03835737819488818
103,83a9905e.wav,Screaming,0.26316795,-248.4842,59.265625,5.3748865,-4.9379125,-3.9428132,6.8264384,-0.36290818,3.4974926,-1.5224174,3.3588946,-2.4490445,3.071955,-50.606495,-27.61748,-33.932186,3.4097111,-0.030170197,-1.1446289,-10.926177,-2.6736596,3512.4974027593084,1854.7108076080945,1872.8638600224733,0.08439993351063829
104,4e6e8074.wav,Buzz,0.37347674,-385.9325,70.16878,-3.0430367,3.8153002,-1.7048405,1.4952688,-4.1122317,1.9078511,-3.4051926,1.4712824,-4.5604453,0.32582238,24.109303,17.481865,8.986064,11.665067,0.74010265,5.6831203,-2.0084684,3.5216787,7366.328929361224,3183.7883718347007,3137.5733791211173,0.11430312862529002
105,3c13f5cd.wav,"Bark,Cricket,Buzz",0.5219142,-297.50653,31.418232,0.015294799,7.297128,2.4987583,7.91723,4.028856,9.733361,4.1915956,8.792837,3.0443316,7.1054316,12.95102,-24.625967,-10.847481,-3.9695587,-9.182739,2.239654,-3.4113162,6.6184573,8952.441689475783,3347.2985565844,4943.088092467847,0.38692833707946633
106,f76f4fa9.wav,Chirp_and_tweet,0.32795832,-653.16815,-16.163366,-0.42196614,9.207912,-2.7187424,0.98943555,4.0759645,-0.63527286,2.4629145,3.647375,-2.2577827,3.874989,-16.49832,25.314486,-1.8787459,-5.427424,3.2058887,2.3275735,7.3761706,-4.682057,6345.375319478683,2038.7236701917209,4042.102081312692,0.27211087043213456
107,6da76f09.wav,Fart,0.60204864,-141.52254,73.1734,-6.7665367,4.0865593,-2.278781,0.94754225,-9.908085,8.515779,-9.5816,-0.18114656,-0.2964058,-1.4844286,-12.419039,-7.813014,18.72894,2.1780515,-14.74805,9.132717,-1.0911608,1.320616,7172.563973119703,2968.1102815444706,3122.014723048982,0.1852158368644068
108,455e896e.wav,Screaming,0.28318188,-145.66422,75.57514,-12.230749,5.2776403,19.387278,-1.8196328,-9.526357,-8.145546,-8.208438,2.7058277,-12.626802,-2.5079007,-65.98367,7.547161,-15.336831,19.972126,-33.082916,-21.539618,-8.941519,-4.2615843,4024.3339987362133,1774.813547133205,2354.1430580677334,0.15784409466911764
109,c5e20bc6.wav,"Squeak,Cupboard_open_or_close",0.6188421,-608.7621,26.145126,1.5278168,2.7489378,-1.0883868,-0.10434078,0.160668,0.3517663,0.056608155,1.0587599,1.435149,0.78109014,1.8367326,8.01679,2.1641312,3.301258,0.47345456,3.2307558,1.023549,0.45511085,6951.275613646194,2868.3650398230848,3567.348339179271,0.24047091262975778
110,a4d19e33.wav,Shatter,0.3986005,-501.1248,14.530687,2.3199952,5.45083,10.395867,11.19648,0.8032392,-3.2469473,0.3150981,8.632512,6.200457,5.168973,-2.8831682,1.5024147,6.6573834,16.050598,15.911516,16.159384,1.8730938,6.1290374,6928.897517963047,2841.801034980236,3509.190446608745,0.1975650091240876
111,8695cc8e.wav,Drawer_open_or_close,0.53555346,-378.20087,96.204346,-0.66426015,2.6830034,-0.57544106,-0.18300544,-4.265297,-0.99496406,-2.9004297,-0.85046744,0.25993237,-2.120697,11.21165,20.564445,4.4495597,10.530476,0.93178284,5.0767183,1.7758094,1.3193555,3873.1727600097656,2222.9248987039446,1683.8435837085533,0.05578274197048611
112,c253e73f.wav,Hiss,0.35660034,-20.167194,34.42181,5.345567,-4.748782,-1.1248534,1.040782,-1.471009,10.55193,-14.459562,-0.53821206,0.20129216,-1.3136008,-1.0066395,-5.667997,15.357535,45.965786,11.947911,-3.8105628,-24.448557,18.616701,7866.413840450986,3092.504591379145,4094.152731232924,0.2937878389646172
113,50ee09a3.wav,Bass_drum,0.0,-1131.371,0.0,0.0,0.0,0.0,0.0,0.0,0.0,0.0,0.0,0.0,0.0,0.0,0.0,0.0,0.0,0.0,0.0,0.0,0.0,0.0,0.0,0.0,0.0
114,7236123a.wav,Knock,0.6303085,-724.1494,67.43688,3.931275,8.764593,0.45005593,4.854874,-3.016487,2.0845623,-1.8387048,1.8395487,-3.0302508,3.2406514,14.418422,28.147766,10.18702,20.485035,7.2398076,12.549253,7.1723537,11.452183,6469.071138822115,2968.3817158083552,2794.2345783024825,0.09376878004807693
115,30d548d8.wav,Tap,0.8301352,-834.9746,43.03172,12.070603,12.655617,9.299099,11.421693,8.912023,9.059286,8.369867,8.6237955,4.676336,7.134783,37.635376,30.602392,30.077286,26.154152,18.528992,16.021334,16.79846,15.880134,1315.31982421875,2325.0281614109576,940.970630554573,0.004109700520833333
116,237ae73c.wav,Male_singing,0.25959265,-264.08545,152.1766,-4.351996,-19.128181,-5.4556427,1.5675483,-10.079972,-5.560233,-3.3376799,-2.7959292,-9.652348,-5.7589493,4.160716,-4.633363,-41.528557,-39.22507,-17.066385,7.350544,-19.980965,-11.032616,1701.6319161030783,1503.5365770233775,1169.7140711344134,0.06626899681281094
117,2430b5f2.wav,Male_singing,0.3351833,-145.21205,141.62901,-13.028866,-10.807813,-8.019394,-9.307001,-12.777071,-7.85176,-12.162049,-9.63278,-13.602169,-0.85957843,-9.812861,-32.504246,-46.274933,-8.9196,4.7270236,-17.347803,-17.956099,3.9292638,2378.8054637419873,1838.5394401464225,1486.4682328455222,0.08120075454059829
118,086eb83c.wav,Slam,0.68388647,-560.1477,118.97849,6.420988,6.756139,-0.22470084,8.127686,2.2047782,4.3055506,2.9304056,4.95259,1.3552337,7.542468,32.297573,35.844185,19.702192,20.20074,13.135626,13.160681,8.887698,11.525994,1329.67529296875,1877.7472894993373,827.6017975820341,0.012961647727272728
119,8c225bfb.wav,Car_passing_by,0.52852416,-217.66267,127.68947,-15.072591,-3.1775448,-2.621935,8.403037,0.80899674,3.3583622,-4.2449355,-2.4505289,-9.799083,-1.7326382,11.939116,27.721376,7.949244,17.245365,-1.6303266,3.1753016,-13.527661,-5.08798,2947.900503915313,2082.066615835322,1431.7478056821808,0.0458961716937355
120,37cf0d4e.wav,Burping_and_eructation,0.33838126,-827.9379,58.58792,25.607185,2.875987,7.6664305,6.2051854,-3.8183699,-9.05073,12.176601,6.5983534,-0.08450651,-10.593458,33.396652,25.869177,15.631157,17.713158,19.014654,0.7880187,8.804768,5.930402,6384.5947265625,3302.238914258783,2304.6789386634655,0.00439453125
121,b7946bcb.wav,"Applause,Crowd,Cheering",0.543451,-48.325752,34.262753,-17.909916,-7.638076,-9.919639,-4.247675,-8.864894,-1.6149963,-9.020801,-6.2829623,-10.472671,-2.505816,-32.819828,6.669611,-28.123034,-13.758987,-26.119999,-10.641575,-18.131378,-9.04178,6647.811095355308,2621.6630592455003,3562.208817301187,0.24588193849885845
122,7d951895.wav,"Applause,Cheering",0.40762648,-45.796646,82.17355,-21.55997,-9.5052395,-7.2979527,-8.583223,-5.342199,-3.6047754,-10.448318,0.12670557,-11.175478,-1.0145427,-55.483513,0.87192565,6.3333106,-13.472122,-22.08121,-12.823695,-16.345755,6.8471727,4173.895674485427,2170.1813247604346,2433.5679948356383,0.1338829627403846
123,380fc4c1.wav,Tick-tock,0.42750183,-555.74524,65.172844,4.1550064,11.636477,6.7692075,8.625458,5.251618,7.9600697,6.419052,11.306534,5.1415257,7.906182,-7.9103804,27.504854,0.69626045,-1.2133038,1.0492975,-0.748356,10.684917,9.086365,6037.63330078125,2795.197045828801,2730.4101112159965,0.09647321428571429
124,b98157b9.wav,Meow,0.26399344,-222.64865,123.12785,18.184563,17.366367,-6.0809364,25.048325,6.2150054,-0.8406716,-1.1665157,12.086113,5.1094003,10.398651,-80.183,-27.051575,1.2060865,-49.575268,9.218645,-1.4276036,1.8078254,19.367825,2657.2615438432836,1598.2861354517554,1704.2727438077757,0.09450792910447761
125,74eee838.wav,Stream,0.69170666,-494.58157,55.21692,-3.0412788,3.7347672,-0.25112557,2.7927744,-7.6703568,-0.10948614,-0.77142626,1.626994,1.7656361,7.2056546,-17.396667,9.502491,-6.9623423,11.453893,-3.9546783,6.1554885,-4.9541297,3.9940472,6851.180768289588,2783.0232143154476,3409.475068001435,0.22914212043213458
126,59099afd.wav,Purr,0.78481555,-395.5894,126.94364,10.126405,13.982221,7.77341,7.718682,8.984374,5.951457,4.2142854,5.4984922,9.2981825,5.1141725,63.82877,42.240067,42.25302,37.20976,22.948696,19.071993,8.988856,1.1252356,141.38970961426915,936.357089498018,229.04120555482575,0.0027348281612529003
127,d1f89c54.wav,Hiss,0.67718995,-235.22035,-47.30787,-15.191169,-11.915357,-8.391427,-7.1823244,-8.0555,-1.2625568,-11.539108,-1.4659557,-6.7910376,-0.17665635,-53.85575,-10.843317,-12.226459,-29.697348,-10.688578,-11.147173,-23.99286,-9.565626,8870.430661796694,2849.6785113103992,5065.573435508602,0.4269402099042923
128,e96e4dc9.wav,"Applause,Crowd",0.5389009,-98.5688,85.90671,-8.563675,-3.7137964,-7.037235,1.348301,-3.4761314,-1.7747029,-4.829348,2.1539762,-3.5563803,3.2172174,-63.790195,-5.110391,-18.62277,-0.8541443,-18.644527,-8.924576,-13.622507,-3.4565632,4485.6953809215765,2050.738499008852,2420.0212980528663,0.15176683170780256
129,eb767735.wav,"Crowd,Clapping",0.36233246,-208.42154,108.36978,-4.660793,-3.223087,1.0123184,2.639502,-2.519902,-3.1237106,-3.3774729,5.1825213,-4.2115726,-1.2089002,-57.6776,3.635559,-13.774314,1.9133171,-17.729576,-10.924449,-5.8659787,-0.2224642,3373.4012432952427,1740.6837276481003,1879.7200860510502,0.11557143481809702
130,1829fa7f.wav,Scissors,0.6389599,-348.8213,-35.265522,12.062874,13.522155,-0.9419623,16.48694,3.328861,9.609477,-1.928744,7.2608085,6.2525992,9.300849,14.90741,38.486755,23.236979,27.651293,22.927078,17.908556,16.42004,14.71572,8816.30859375,3324.392054354537,4945.346499545658,0.12946428571428573
131,a8e4a91e.wav,Scissors,0.6671201,-293.57443,-7.0396447,-5.948936,5.4608426,-1.7230369,4.7312083,0.5673506,8.526957,3.6906095,1.0463377,-1.709976,10.574348,18.023602,50.041996,17.78565,25.680521,13.526921,13.057885,9.81323,5.5038376,8227.2216796875,3030.2747159296573,4528.477281823274,0.24616350446428573
132,9796192d.wav,Scissors,0.66942364,-235.10915,-9.014985,-8.102972,3.2360952,-6.930848,4.6341414,-0.18731706,7.0736823,-0.328723,3.4804313,-1.2107525,3.0761302,7.764052,52.518776,16.416222,33.225304,21.780594,14.24606,2.236871,10.132279,7756.875,2831.1809923379287,4362.651527395195,0.23095703125
133,88053677.wav,Scissors,0.6482587,-221.10225,-18.015846,-1.675998,7.769085,-8.323461,9.944632,0.1677013,4.376139,-1.0600893,1.219314,-0.69749576,4.6759696,-0.84334934,53.62362,14.5588875,30.407028,11.299004,27.551489,10.914571,10.452199,7541.687729779412,2723.4925724898458,4404.935898227212,0.21830480238970587
134,a5e041fb.wav,Scissors,0.6655631,-332.81866,-16.316048,-0.9918513,4.9697323,-0.439185,5.9851174,-1.0187094,6.6314077,0.4971237,2.421513,-1.9792886,1.1053709,23.072733,42.11172,14.084864,22.561192,9.218847,8.985375,8.319742,12.107042,8435.63232421875,2954.3280215147493,5032.67024788163,0.34820963541666666
135,bf80b29a.wav,"Female_speech_and_woman_speaking,Yell",0.37942395,-412.95612,76.32212,-1.637272,15.835219,2.7598836,10.2015295,1.664949,-7.4425917,5.268696,8.57647,-2.6503444,1.9290869,-13.142942,8.020054,-24.302595,-7.3275714,-5.750757,-9.814067,-1.306632,8.717415,5306.417129823825,2401.3616225371447,2553.6811241587507,0.1203433043204698
136,95731027.wav,"Female_speech_and_woman_speaking,Yell",0.30875558,-375.02036,70.41178,-4.7017803,12.640613,-8.550856,3.6925206,0.5960087,-9.075524,1.4102561,4.8651795,0.89929056,8.448546,-1.1381744,16.029839,-8.515401,-4.784715,-10.383791,-19.192781,-0.6186023,-3.1527767,4919.3115234375,2232.0674769524826,2714.2584268241208,0.15936569940476192
137,6340b6d0.wav,"Female_speech_and_woman_speaking,Yell",0.36574632,-443.16843,75.41264,-4.8332405,9.216827,-3.6738584,13.393112,6.328869,3.8204794,5.234461,4.106054,-2.6187418,1.3873762,-20.770174,16.460457,-18.804325,-3.450766,-2.2094603,-18.859842,6.381548,7.2942247,5136.9093371975805,2347.208909339356,2477.8962351788778,0.11765327980990783
138,56c78c5d.wav,"Female_speech_and_woman_speaking,Yell",0.30639952,-431.02325,68.90127,0.8131018,16.61934,1.7008891,19.524826,11.550448,-0.71741676,2.1929932,0.8534134,-5.329576,3.6979077,-25.603224,16.498032,-19.848764,-9.215694,-4.675458,-21.25227,2.3520582,6.406006,5025.927440229669,2215.907357052291,2518.2888473243297,0.12335278614457831
139,a3001011.wav,"Female_speech_and_woman_speaking,Yell",0.32246563,-302.6482,75.37148,-6.324272,13.948832,-1.9178348,4.1564612,5.9409556,0.9067789,9.574901,5.883063,-6.5385756,-2.169132,-15.079564,7.6359396,-16.739601,-9.197813,-11.509536,-17.656775,-6.7212434,2.5814648,4670.6736438679245,2108.308989528378,2590.522138836626,0.15790524272798742
140,e60fd084.wav,"Squeak,Slam",0.3440215,-390.54144,67.143295,2.4156575,3.034109,-0.85645926,2.5393562,0.7594001,1.1955248,-1.7019374,-0.87595606,0.58234125,-0.20200326,9.551237,14.483419,10.296295,3.1979246,2.601873,5.191971,2.3088887,4.5903063,2357.570929276316,1404.7951722909554,1079.1272594905022,0.04201503106725146
141,c7dc099c.wav,Meow,0.4682842,-362.58047,118.05047,-0.07726992,5.6010966,6.683069,5.288128,5.143058,-4.4944468,-2.7848942,-0.12844315,3.0090597,1.0503426,1.5596129,-2.4668362,-4.7314835,6.04479,6.4224896,11.712175,2.677557,-0.37255165,2682.5508757560483,1759.1501650087198,1428.1364523286022,0.06418535786290322
142,c076dac9.wav,Scissors,0.5621738,-434.0477,48.74195,4.609962,8.253239,0.38817948,4.6622353,-0.74483454,4.471398,-0.50754434,2.0443745,-2.9257376,3.5738528,16.219856,18.577753,11.390969,14.359374,9.025584,10.958513,5.763641,7.9705806,6069.248975012913,2633.664572209263,2648.970886899483,0.08723151256887052
143,6a30e390.wav,"Female_speech_and_woman_speaking,Yell",0.37915513,-383.5577,64.04505,-8.72225,8.81898,-3.1979296,7.9329205,6.222178,-5.5596294,-0.7225728,0.96635604,-3.9717555,4.280791,-12.883134,15.319689,1.3837004,-13.635381,-10.779159,-9.171528,1.4354872,7.2169714,5145.064328751474,2213.1946672470003,3034.653885935434,0.18960744030070756
144,84d9ae84.wav,"Female_speech_and_woman_speaking,Yell",0.30821028,-340.4596,64.17045,-10.358721,5.442683,-8.095519,0.04650967,1.5599688,-5.496387,0.11933525,7.0521245,0.7206726,6.0139246,-20.389683,7.589514,-16.050842,-15.423695,-2.9879725,-11.061,2.7679846,7.5277996,4628.137559157151,2132.6521093946185,2519.079411820199,0.13812725360576922
145,63239644.wav,"Female_speech_and_woman_speaking,Yell",0.36106002,-354.4166,75.82603,-11.173097,10.395738,-4.0080905,4.8191056,5.362684,-0.59676945,0.679516,1.2491168,-2.4025054,2.596489,-15.223519,13.264186,-19.363834,-13.742381,-4.6274967,-12.89568,2.3094668,3.8232114,4804.099429232403,2192.071812784176,2583.1168128112886,0.13537716171116504
146,2f5c33bd.wav,Male_speech_and_man_speaking,0.46118817,-542.94415,67.97415,-15.590828,-6.250876,-6.937482,4.4334946,2.621175,16.45069,3.1974697,15.0655155,1.1286424,7.4191175,70.03688,6.1742115,-18.341352,0.60607135,7.7282834,1.4551561,-29.291937,8.46031,8177.23388671875,3417.733717566427,3880.7698824516806,0.121826171875
147,bc00bedc.wav,Yell,0.35762545,-436.65887,71.75382,-9.44217,5.280811,-3.2548892,-0.3115176,2.5058575,-0.896524,6.1069865,6.4741216,-1.3724736,4.375952,-2.4223135,24.035719,4.207713,-10.498484,-5.851961,-7.5554233,-3.7155347,4.020419,4412.866521944666,2177.5690443753024,2419.4185874999644,0.11542408937101911
148,5abf01f9.wav,Male_speech_and_man_speaking,0.26759708,-253.95454,8.429785,-17.503902,0.27228367,-22.860765,-5.9490356,-4.2442493,1.2841882,-12.128535,5.328332,-11.386279,0.52603036,57.928303,33.10976,4.405872,10.904022,4.505639,-11.149871,-13.475265,-8.486812,7003.3154296875,2653.6637364032335,4033.1827426496243,0.2628255208333333
149,1588dfe0.wav,"Female_speech_and_woman_speaking,Yell",0.34565893,-335.78537,65.5223,-8.878645,11.293969,-10.091106,4.581829,3.3367796,-7.906962,0.2300226,-0.31866497,-4.197659,9.804015,-10.107071,7.1265154,-32.646008,-16.662699,6.840343,-11.526105,-2.7496185,7.6232147,5307.773874766791,2303.020627985708,2807.4628331169315,0.1551544037624378
150,9508e020.wav,"Motorcycle,Accelerating_and_revving_and_vroom",0.3019438,-380.1241,121.590744,-2.690466,0.074585386,-3.8879807,-1.8139368,-2.6552894,0.6683892,-0.08533724,3.5615177,3.358633,7.5961323,-5.684749,5.2506933,1.1705133,8.180855,7.5601673,0.79320914,1.1665093,-0.2577873,2694.5231497426043,1740.3524287666708,1380.0740739994908,0.04834097665313225
151,584141ac.wav,"Motorcycle,Accelerating_and_revving_and_vroom",0.2135238,-353.07388,123.96082,-5.373252,-0.24390505,-6.217039,-0.57265407,-4.7304134,-0.87525535,0.0483106,3.8694386,1.3971694,3.3645635,-14.994574,5.195479,4.2864666,9.398123,3.8074665,-0.6797794,4.879864,-3.0916147,3049.8459818191704,1889.460661556872,1571.985278562371,0.05815644939095128
152,c50d2564.wav,"Motorcycle,Accelerating_and_revving_and_vroom",0.47661102,-301.1152,167.67894,-0.9337685,4.9816494,1.536645,5.9315567,3.5388637,7.609372,3.5785592,6.4809337,1.605202,3.5973027,-11.856707,18.905941,12.523325,16.878431,9.709533,11.207182,4.375248,7.7911434,1628.9543417379641,1459.6261416977493,895.9692897373167,0.02869417053364269
153,ac5bbb20.wav,Meow,0.63089764,-509.1664,13.613211,-2.1790257,2.1376326,-2.604578,1.0803062,-0.6852709,2.4284542,0.09115282,0.6783975,-0.6453132,0.5956905,-12.596111,-2.8789704,-5.930733,0.25089777,-2.5601883,2.2044892,1.652705,-2.989615,8450.172786122745,2713.8503266250823,5480.489484463547,0.5231379872744846
154,b837646e.wav,Meow,0.70426416,-760.26294,4.6531754,-0.64014786,-0.068438955,-0.66057885,0.33346498,-0.8036841,0.9937437,-0.41800305,0.5795497,-0.18219414,0.4245066,-7.224485,0.37466735,-0.7487869,0.22696517,-0.8122007,0.8722308,-0.28148335,0.0073513836,9002.044363120167,2807.871816330672,5939.872885342446,0.582177230992268
155,eaf579a5.wav,Meow,0.6650978,-521.78784,9.530997,-2.1634874,0.039098684,-0.6180744,0.80462015,-1.5587828,1.5212834,-0.5781418,0.49412772,-0.11473914,0.7970749,-12.955358,1.6147004,-4.4760447,-0.50893867,-0.25802624,-0.71715516,-0.66228604,1.302931,8525.70549089884,2720.4551355480007,5587.891976663363,0.5393041237113402
156,5dbfed11.wav,Shatter,0.39869875,-374.75455,38.59753,-4.910891,-0.6289406,4.879777,2.887836,3.292462,-4.351334,2.0132773,2.0906641,-4.2469354,8.796605,15.836411,9.190579,2.0284486,13.25252,5.1922116,12.850032,0.7516091,8.309088,7837.1630859375,3037.125775017251,4154.791284625651,0.30178571428571427
157,68ec3b17.wav,"Squeak,Walk_and_footsteps",0.7557553,-464.64355,102.94583,7.4483905,7.147402,8.985348,8.518598,5.770179,5.397367,6.0968747,5.7301517,3.5948472,2.5245426,46.3402,28.969027,24.833132,19.626566,14.655713,10.631843,11.063595,10.349976,494.664139537413,1401.8916987495156,462.3690029757393,0.0038756616154292343
158,3426759f.wav,Gong,0.21219176,-760.4792,121.45539,55.67328,37.181534,-17.019262,-40.935074,-28.05961,-11.108275,-9.00715,2.9092388,13.260429,6.281566,3.6156232,-45.317867,2.9816005,34.85483,26.698505,1.1215628,-0.5269879,31.196676,2169.5757697610293,1397.6596679909917,1301.285457846068,0.08520029105392157
159,8d1d617a.wav,Gong,0.2408181,-733.6861,111.10013,63.503437,39.77951,-15.27835,-43.8149,-31.758072,-16.924757,-12.599702,-0.8750886,12.451788,5.0825696,2.4766855,-33.003498,10.994267,45.703995,38.698174,14.43579,11.346399,38.99107,1705.978573069853,1246.6499752950422,963.0537409575647,0.06553500306372549
160,47bd4d53.wav,Buzz,0.39491767,-562.18,82.930664,5.753035,10.978548,2.0111225,2.5280602,1.2897166,0.55535954,3.7084923,5.7657514,5.735948,7.0455604,19.781544,35.912914,23.841497,14.642544,12.276513,17.828684,7.2188315,7.9692802,2172.2216796875,2086.400113738108,1001.995252950349,0.00988343253968254
161,ca039858.wav,Buzz,0.2562162,-540.57794,88.64235,3.670464,11.492698,1.5209363,3.9390645,-2.5137892,0.27381703,0.1765939,6.075766,5.8348255,8.608966,27.204453,44.138,19.314909,14.786026,8.985205,18.378057,5.9750757,8.714587,2960.415741462442,2255.685634568259,1211.5384430040267,0.018248803654292343
162,addad425.wav,Buzz,0.7824093,-669.21063,51.98883,19.051735,16.378609,14.856282,15.075428,13.906998,11.553071,11.13673,11.362869,9.985289,8.769054,28.573713,28.09783,27.571953,25.018099,25.216623,23.896618,21.295082,19.751879,107.2174072265625,1240.108635432863,318.0129179053994,0.001437717013888889
163,3281e695.wav,Buzz,0.45749995,-670.1101,96.73327,8.094862,13.871114,4.44676,4.5828934,2.5578587,9.272635,3.472968,7.51036,1.2123667,4.001444,62.62139,50.502678,26.081976,16.183027,4.9298267,7.0511475,8.656211,11.895502,750.67138671875,1929.819714574092,739.0577555978704,0.008660210503472222
164,60fcfd63.wav,Buzz,0.7417279,-701.96234,69.24953,11.067217,12.107722,10.783445,8.972498,6.735819,6.9929633,7.500493,10.583544,10.662521,9.259622,22.16064,24.670834,25.036037,25.367676,23.09947,18.911337,15.016182,12.255808,396.2021124167521,1528.103939612466,474.18313644024124,0.0026034996157786885
165,02f54ef1.wav,Buzz,0.69245374,-698.8834,79.87191,13.715438,15.237577,13.503484,9.994142,6.162242,8.917092,10.416139,10.890245,11.075071,10.307208,22.505104,35.480217,23.877394,33.192703,24.878674,19.20673,13.029869,12.55158,241.5375331662736,1405.5693027424347,408.3959824001937,0.0023953419811320754
166,403b8889.wav,Buzz,0.3628971,-542.24225,82.51848,6.607061,12.315774,3.454036,6.587883,0.68251085,5.7689276,3.7656274,7.1820803,5.894257,6.330332,37.376083,40.751755,21.80019,16.533382,13.485266,16.326532,7.7269235,10.051427,2028.8314819335938,2095.701309388517,956.781784979586,0.0096099853515625
167,dd9d8398.wav,Buzz,0.6797507,-648.60046,75.52908,10.705478,15.162118,11.910886,9.272624,6.6251125,8.136924,7.2977715,9.593642,10.492568,8.936054,19.605368,26.763859,25.748817,21.564493,21.853405,18.576061,11.028592,12.148753,675.0764734604779,1590.1431695430201,549.4918202845744,0.003331801470588235
168,31536ab1.wav,Writing,0.5191321,-297.99512,106.186226,-16.789213,-9.526552,-15.167344,-9.162239,-13.138444,-12.867964,-13.508723,-4.1544814,-7.213999,-0.6561147,-3.4321537,-19.86926,-36.63724,-19.367516,-29.99705,-19.904198,-23.126883,-15.47514,3890.58837890625,2265.224642393505,1980.0268933727639,0.11952964028159341
169,3c481290.wav,Buzz,0.5131468,-584.5424,76.151955,10.486662,11.5866,7.442453,6.4319177,3.0742838,5.9241214,5.170792,7.6934443,8.599828,7.0408344,17.834112,32.055336,27.813208,19.345232,18.582726,16.974564,10.390546,9.784207,1455.3647494924594,1793.643037326538,768.9120680252655,0.00732421875
170,a405f3f5.wav,Buzz,0.3589335,-490.39645,83.24079,0.80848104,12.767636,1.1656764,3.9340637,-1.2527761,1.9774976,2.621885,9.229987,7.068718,9.587453,16.038982,40.641476,21.832365,10.523285,11.18282,17.289349,2.914349,9.304301,2955.044930938225,2281.9417640161982,1237.6350292958602,0.011472910020301624
171,b2c523dc.wav,Waves_and_surf,0.4464029,-316.64716,114.806725,-5.8462253,4.1347604,-6.578986,0.6653515,-6.783016,0.91583014,-6.1479526,1.3925595,-4.043993,3.1210625,-0.18619178,31.11587,-3.1824424,20.857872,-6.6392345,12.6585865,-4.355333,2.9361875,4308.714007667489,2265.890956841475,1886.4321310214316,0.07181246374709976
172,bd25d9eb.wav,Buzz,0.79252326,-713.302,79.29554,12.420582,12.441625,11.6766615,13.380488,13.111621,15.952016,14.242526,13.898204,10.916354,10.433166,48.306763,35.70545,27.358358,25.572607,16.27705,15.156929,12.372094,14.942006,45.3094482421875,1366.468998442506,316.7847365035095,0.0012003580729166667
173,5a322fcc.wav,Waves_and_surf,0.3840998,-360.37936,109.79734,-3.3920207,5.057668,-4.2627907,4.2615805,-4.974333,2.4468105,-5.341618,-0.2641187,-5.443981,-0.06827223,4.1297555,32.880455,0.7076408,23.825243,-3.1617866,12.813766,-2.9362485,5.4250555,4530.241206405887,2361.4838656466463,1892.907648749676,0.06040299630220418
174,04b8360a.wav,Cricket,0.23393326,-501.63297,7.409627,-23.718428,-42.167202,-6.8757124,-14.5877695,-26.256699,-3.326577,-13.240458,-14.607832,-5.478503,-2.3518567,-24.786757,30.16329,-42.289974,-42.414593,16.772943,-27.1622,-56.641983,3.6597157,4458.697014120505,1918.9256171024977,3630.665205825091,0.2978855495939675
175,6c7cd0e0.wav,Accelerating_and_revving_and_vroom,0.35706708,-359.93042,154.07033,-0.18105875,-0.99768066,-2.311271,3.9344394,8.990613,-3.0624912,-5.9338536,-3.0704994,-2.3255131,0.15200095,38.335365,65.763626,25.835958,0.6630161,-1.7257133,-4.547216,-10.356761,-5.9450436,591.3468453858303,1117.5459215928965,553.1221124077601,0.015739578632671482
176,9fb6e634.wav,Accelerating_and_revving_and_vroom,0.34544066,-372.43152,153.6906,1.3983124,1.5853642,-1.6685326,3.7530284,6.973305,-2.80246,-5.9611254,-6.773484,-8.909248,-2.3542175,44.65016,62.198833,28.180252,5.343309,1.7230667,-3.8009157,-10.514491,-6.8700128,570.2669636587078,1072.6337875256575,519.873017825097,0.018316033181179775
177,44bf2a5d.wav,Accelerating_and_revving_and_vroom,0.34155276,-394.24646,171.09406,-2.187173,0.21452156,1.7713553,9.0810585,10.898912,-1.0168716,-3.2088144,-1.2917674,-5.048193,-2.1354785,47.623207,66.48958,20.438261,1.0666007,-3.127246,-2.2452662,-10.37571,-3.2886913,533.6742504222973,1082.5555174575823,522.9834345495732,0.02174831081081081
178,8b255672.wav,Harmonica,0.2961257,-218.99934,77.50464,-1.960277,-3.6475992,-10.586522,3.12391,-9.693688,0.56404066,-11.242303,-5.54907,-16.237097,-4.4132066,12.122974,19.602125,7.96336,18.786297,13.967323,8.744739,-0.41135344,-1.2649069,5350.851093478103,2684.306253269585,2314.3160481578925,0.09447392510150812
179,8697dafa.wav,Run,0.7006313,-491.88528,99.350105,3.062382,9.613195,5.944356,7.2631555,2.3761759,7.068486,3.6083915,6.2135606,2.494483,5.17802,10.531496,27.58881,10.925051,16.537386,13.582988,11.873566,11.121219,11.697464,3679.72964399652,2361.6687738607443,1597.2520249606314,0.03649874021171694
180,27edb813.wav,Purr,0.67582804,-377.05762,137.85204,1.0985824,5.0121374,8.815996,8.377232,4.8115644,-0.901671,-4.4705877,-0.45893255,-2.862278,3.2556803,31.21774,22.913246,15.230704,26.447325,4.0036564,-1.6056434,-2.6520584,10.60213,2213.348487800899,1939.205922143347,1131.1041010133408,0.02701180938225058
181,07b01fb0.wav,"Applause,Crowd,Cheering",0.5496704,-76.318886,4.989073,-25.452293,-9.047707,-15.122913,-1.5313839,-9.923986,-0.9048219,-2.0465312,4.14781,-3.9693127,0.10530821,-163.4807,-1.9167871,-45.0965,18.78489,-27.76112,-1.0372568,-28.739674,-8.261897,4387.8387451171875,1561.5976685758567,2770.0282918712105,0.2060605003720238
182,0f96f548.wav,"Applause,Cheering",0.53643703,-134.38573,2.9480891,-22.747435,-6.866304,-11.94681,-1.9177421,-7.168638,1.3228165,-2.2489083,1.490876,-2.3134816,0.506014,-144.17392,-0.30469742,-40.723045,15.992933,-25.415655,-1.378479,-23.800518,-6.8383408,4819.941334178967,1709.0274433119957,3016.833017718998,0.23089396909594095
183,1e0a83aa.wav,Toilet_flush,0.42703104,-371.48615,66.05177,-8.558809,-6.9039545,-10.991181,-6.32489,-4.830945,-0.48186338,-2.3446157,0.3712912,-4.163914,-2.638783,-3.6679504,-3.3433313,3.7800083,-0.3670986,-9.482776,-5.25114,-5.8093357,-3.1463122,5218.25452481511,2548.104042241152,2458.972939845744,0.12169192285382831
184,e66309d9.wav,Bicycle_bell,0.15949069,-788.5404,25.408005,9.7689295,-8.039431,15.543654,15.1363535,-14.989848,14.322983,15.005618,-12.463258,7.4568725,20.57319,13.819167,45.47214,17.042616,-3.5899532,24.72261,16.80836,-7.281551,25.551579,4398.321870207055,2153.895245480674,2927.0728286019043,0.2532562068634969
185,d1fb51da.wav,Bicycle_bell,0.27728245,-647.09546,-3.1418493,4.0323973,9.436426,-3.7381604,9.007913,3.6434538,-1.3118227,10.68809,-1.2846227,2.2353175,9.308248,3.9131074,9.294166,-3.3959513,9.551452,5.756434,-2.0216064,10.993215,-1.1367908,5834.5111083984375,2150.928997852545,3823.1492279784006,0.30038655598958336
186,074a72f0.wav,Bicycle_bell,0.18232682,-655.42755,-0.075299256,-5.288846,-5.8173704,12.926276,13.023383,10.493787,-8.158861,-0.3059391,22.424366,7.545858,-6.9033403,-6.1240973,4.7693596,15.595049,13.587331,-2.40429,-7.788987,15.7785015,21.948528,3724.7739833515284,1907.1648967811584,2422.3144982122676,0.18332722093340612
187,35badf6d.wav,Bicycle_bell,0.13013813,-704.75775,0.5769338,-7.4803247,-6.5206575,12.949468,13.473759,12.792663,-10.449115,-1.2296612,25.109007,8.078145,-7.919471,-8.127181,5.52018,15.607366,15.032594,-2.897392,-9.803563,16.80166,24.28418,4193.318422379032,1955.9180599135007,2575.244910797551,0.18537811419930875
188,89d61b7b.wav,Bicycle_bell,0.23462558,-755.9385,11.228175,17.080383,10.425822,-1.3848991,7.486066,15.9135475,-3.6296644,2.6942782,11.828059,4.830224,-3.0650287,6.364823,23.018412,18.494545,4.874886,9.300267,26.915129,3.4353292,4.0901423,4782.421875,2246.4652738705,2823.7531271370312,0.24095849277210885
189,fede840d.wav,Bathtub_(filling_or_washing),0.66986996,-460.8762,65.77912,2.9100015,7.7272434,-1.1184405,6.014319,1.2039365,5.097605,5.323971,5.5281086,1.1780939,6.596348,-21.40456,15.741605,5.013299,29.528868,6.0304785,13.50342,1.9378232,9.590362,5469.558496320331,2609.685974219948,2420.5479344892624,0.06190409295243619
190,b4edb2c1.wav,Bathtub_(filling_or_washing),0.66706544,-504.25873,80.7169,3.945305,7.8785563,1.0268731,4.975967,2.7284148,4.7305417,8.287658,8.565931,2.0937066,4.6494617,2.8052619,21.86187,4.7526917,27.763262,6.33391,9.988268,-1.8976068,3.8204997,4670.906481112239,2478.241243572458,2070.8196569412617,0.04750376123839907
191,4bd087aa.wav,"Bathtub_(filling_or_washing),Water_tap_and_faucet",0.6472613,-385.36813,46.566326,2.25416,9.399187,-2.3817687,2.9771614,0.071189016,5.7740393,2.7138312,-0.99631906,-2.648101,4.8087335,4.614394,5.012949,-5.0795956,26.798626,2.3488371,11.503744,-2.3883128,4.481455,7383.3656399543215,3026.0851529273486,3760.5575539380575,0.22976181844547564
